,,,,,,,,,,,,,,480Vac,282.8427125,,,,,,,,,,,,,,,,,,,,,,,,,,,,,,,,,,,,,,,,,,,,,,,,,
,,,,,,,,,,,,,,,,,,,,,,,,,,,,,,,,46,,,,,,,,,,,,,,,,,,,,,,,,,,,,,,,,
,,,,,,,,,,,FFT104,FFT104,FFT104,FFT104,FFT104,FFT104,FFT104,FFT104,FFT104,FFT104,FFT104,FFT151,FFT151,FFT151,FFT151,FFT151,FFT151,FFT144,FFT144,FFT144,,,,,,,,,3,,,,,,,,,,,,,,,,,,,,,,,,,
"Kala
MVK",ATLAS ATS48P,ATLAS OPTIMUM,ATLAS BASIC,"Fortis
MCP
MCE","Nera
MCP
MCE","AFE 
Brick","BUO 
Brick","SU
Rectifier","SU
AFE","Opal
MCP",Category,Parameter,Event ID,Bit Nb,Old ID,"LRS
Parameter",Bit Nb,Description,"Short label
(From ATV 71 / 61 / 32 user manuals)",Type,Alarm Bit Nb,On LO ?,"On LO ?
(ATV 71
ATV61
ATV32)",In Alarm group?,"In Alarm group?
(ATV 71
ATV61
ATV32)",In ALR menu ?,"In ALR menu ?
(ATV71
ATV61
ATV32)",In SST menu,"In SST menu
(ATV71
ATV61
ATV32)",HMIS,"Check
(Shown to customer)","Check
Status /
Alarm consistency",,Private,State ?,Alarm can be also a Fault ?,Alarm ?,"Alarm or
f(Context)?","Alarm 
deactivation?",Product,,,,,,,,,,,,,,,,,,,,,,,,
No,No,Yes,No,No,Yes,No,No,No,No,No,Process Status,ST00,JAMP,0,,New,,1: An anti-jam request is pending,,Status,,No,,No,No,No,,Yes,,,,,,,x,,,,NA,Nera,,,,,,,,,,,,,,,,,,,,,,,,
No,No,Yes,No,No,Yes,No,No,No,No,No,Process Status,ST00,JAMR,1,,New,,1: An anti-jam sequence is running,,Status,,Yes,,No,NA,No,,Yes,,,,,,,x,,,,NA,Nera,,,,,,,,,,,,,,,,,,,,,,,,
No,No,No,No,No,Yes,No,No,No,No,No,Process Status,ST00,FILL,2,,New,,1: Pipe fill sequence is running,,Status,,Yes,,No,NA,No,,Yes,,,,,,,x,,,,NA,Nera,,,,,,,,,,,,,,,,,,,,,,,,
No,No,No,No,No,Yes,No,No,No,No,No,Process Status,ST00,IPPC,3,,New,,1: Inlet pressure compensation is running,,Status,,No,,No,NA,No,,Yes,,,,,,,x,,,,NA,Nera,,,,,,,,,,,,,,,,,,,,,,,,
Yes,No,No,No,Yes,Yes,Yes,No,No,No,Yes,Process Status,ST00,SLM,4,LRS_SLM,LRS3,LRS3.9,"1 : Stop asked by a ""sleeping"" function",,Status,,No,No,No,No,No,,Yes,Yes,,,,,,x,,,,NA,Nera,,,,,,,,,,,,,,,,,,,,,,,,
No,No,No,No,No,Yes,No,No,No,No,No,Process Status,ST00,LDA,5,,New,,1: Low demand active,,Status,,No,,No,NA,No,,No,,,KO,,,,x,,,,NA,,,,,,,,,,,,,,,,,,,,,,,,,
No,No,No,No,No,Yes,No,No,No,No,No,Process Status,ST00,PPON,6,,New,,1. Priming pump is running,,Status,,Yes,,No,NA,No,,Yes,,,,,,,x,,,,,,,,,,,,,,,,,,,,,,,,,,,,,
No,No,No,No,No,Yes,No,No,No,No,No,Process Status,ST00,JPON,7,,New,,1. Jockey pump is running,,Status,,Yes,,No,NA,No,,Yes,,,,,,,x,,,,,,,,,,,,,,,,,,,,,,,,,,,,,
Yes,No,No,No,Yes,Yes,No,No,No,No,No,Process Status,ST00,SLPP,8,,New,,1: Sleep is pending,,Status,,No,,No,NA,No,,No,,,KO,,,,,,,,,,,,,,,,,,,,,,,,,,,,,,,,,
Yes,No,No,No,Yes,Yes,No,No,No,No,No,Process Status,ST00,SLPB,9,,New,,1: Sleep Boost phase is running,,Status,,No,,No,NA,No,,Yes,,,,,,,,,,,,,,,,,,,,,,,,,,,,,,,,,,,,
Yes,No,No,No,Yes,Yes,No,No,No,No,No,Process Status,ST00,SLP,10,,Free,,Application sleeping,,Status,,No,,No,,No,,No,,,KO,,,,,,,,,,,,,,,,,,,,,,,,,,,,,,,,,
No,No,No,No,No,Yes,No,No,No,No,No,Process Status,ST00,ASLC,11,,New,,1: Advanced Sleep Checking is active,,Status,,No,,No,NA,No,,Yes,,,,,,,,,,,,,,,,,,,,,,,,,,,,,,,,,,,,
No,No,No,No,No,Vx.y,No,No,No,No,No,Process Status,ST00,VCC,12,,,,1: Vortex Control's speed correction is active,,,,,,,,,,,,,KO,,,,,,,,,,,,,,,,,,,,,,,,,,,,,,,,,
No,No,No,No,No,Vx.y,No,No,No,No,No,Process Status,ST00,VCL,13,,,,1: Vortex Learning is in progress,,,,,,,,,,,,,KO,,,,,,,,,,,,,,,,,,,,,,,,,,,,,,,,,
,,,,,,,,,,,,ST00,,14 to 15,,,,,,,,,,,,,,,,,KO,,,,,,,,,,,,,,,,,,,,,,,,,,,,,,,,,
No,No,No,No,No,No,No,No,No,No,No,SegXY,ST01,TCO,0,LRS_TCO,LRS1,LRS1.15,,,Status,,No,No,No,No,No,,No,No,,KO,,,,x,,,,NA,,,,,,,,,,,,,,,,,,,,,,,,,
No,No,No,No,No,No,No,No,No,No,No,SegXY,ST01,EBO,1,LRS_EBO,LRS7,LRS7.5,,[End reel],Status,,Yes,Yes,No,No,No,,No,No,,,,,,x,,,,NA,,,,,,,,,,,,,,,,,,,,,,,,,
No,No,No,No,No,No,No,No,No,No,No,SegXY,ST01,TSY,2,LRS_TSY,LRS7,LRS7.6,,[Sync. wobble],Status,,Yes,Yes,No,No,No,,No,No,,,,,,x,,,,NA,,,,,,,,,,,,,,,,,,,,,,,,,
,,,,,,,,,,,SegXY,ST01,,3 to 15,,Free,,,,,,,,,,,,,,,KO,,,,,,,,,,,,,,,,,,,,,,,,,,,,,,,,,
No,Yes,Yes,Yes,No,No,No,No,No,No,No,Conf Status,ST02,CNF0,0,LRS_CNF0,LRS4,LRS4.0,1: Configuration 1 is used,[Cnfg.0 act.],Status,,No,No,No,No,No,,No,No,,KO,,,,x,,,,NA,,,,,,,,,,,,,,,,,,,,,,,,,
Yes,No,No,No,Yes,Yes,Yes,Yes,Yes,Yes,Yes,Conf Status,ST02,CNF0,0,LRS_CNF0,LRS4,LRS4.0,1: Configuration 1 is used,[Cnfg.0 act.],Status,,Yes,Yes,No,No,No,,No,No,,,,,,x,,,,NA,,,,,,,,,,,,,,,,,,,,,,,,,
Yes,No,No,No,Yes,No,No,No,No,No,Yes,Conf Status,ST02,CNF1,1,LRS_CNF1,LRS4,LRS4.1,1: Configuration 2 is used,[Cnfg.1 act.],Status,,Yes,Yes,No,No,No,,No,CNF1,,,,,,x,,,,NA,,,,,,,,,,,,,,,,,,,,,,,,,
Yes,No,No,No,Yes,No,No,No,No,No,Yes,Conf Status,ST02,CNF2,2,LRS_CNF2,LRS4,LRS4.2,1: Configuration 3 is used,[Cnfg.2 act.],Status,,Yes,Yes,No,No,No,,No,CNF2,,,,,,x,,,,NA,,,,,,,,,,,,,,,,,,,,,,,,,
Yes,No,No,No,Yes,No,No,No,No,No,Yes,Conf Status,ST02,CNF3,3,LRS_CNF3,LRS4,LRS4.3,1: Configuration 4 is used,[Cnfg.3 act.],Status,,Yes,Yes,No,No,No,,No,No,,,,,,x,,,,NA,,,,,,,,,,,,,,,,,,,,,,,,,
,,,,,,,,,,,Conf Status,ST02,,4 to 7,,Free,,,,Status,,,,,,,,,,,KO,,,,,,,,,,,,,,,,,,,,,,,,,,,,,,,,,
Yes,No,No,No,Yes,Yes,Yes,Yes,Yes,Yes,Yes,Conf Status,ST02,CFP1,8,LRS_CFP1,LRS4,LRS4.5,1: Parameter set 1 is used,[Set 1 active],Status,,Yes,Yes,No,No,No,,Yes,CFP1,,,,,,x,,,,NA,Nera,,,,,,,,,,,,,,,,,,,,,,,,
Yes,No,No,No,Yes,Yes,Yes,No,No,No,Yes,Conf Status,ST02,CFP2,9,LRS_CFP2,LRS4,LRS4.6,1: Parameter set 2 is used,[Set 2 active],Status,,Yes,Yes,No,No,No,,Yes,CFP2,,,,,,x,,,,NA,Nera,,,,,,,,,,,,,,,,,,,,,,,,
Yes,No,No,No,Yes,Yes,Yes,No,No,No,Yes,Conf Status,ST02,CFP3,10,LRS_CFP3,LRS4,LRS4.7,1: Parameter set 3 is used,[Set 3 active],Status,,Yes,Yes,No,No,No,,Yes,CFP3,,,,,,x,,,,NA,?,,,,,,,,,,,,,,,,,,,,,,,,
No,No,No,No,No,Yes,Yes,No,No,No,No,Conf Status,ST02,CFP4,11,,New,,1: Parameter set 4 is used,[Set 4 active],Status,,Yes,,No,NA,No,,Yes,,,,,,,x,,,,NA,?,,,,,,,,,,,,,,,,,,,,,,,,
,,,,,,,,,,,Conf Status,ST02,,12 to 15,,Free,,,,,,,,,,,,,,,KO,,,,,,,,,,,,,,,,,,,,,,,,,,,,,,,,,
Yes,Yes,Yes,Yes,Yes,Yes,No,No,No,No,Yes,Channel Status,ST03,FLO,0,LRS_FLO,LRS8,LRS8.9,1 : Device in forced local mode,,Status,,No,No,No,No,No,,No,No,,KO,,,,"A garder ?
Application Mode ?",,,,NA,Nera,,,,,,,,,,,,,,,,,,,,,,,,
Yes,No,No,No,Yes,Yes,No,No,No,No,Yes,Channel Status,ST03,FR2,1,LRS_FR2,LRS7,LRS7.1,1 : Reference channel is channel 2,,Status,,No,No,No,No,No,,No,No,,KO,,,,"A garder ?
Application Mode ?",,,,NA,All,,,,,,,,,,,,,,,,,,,,,,,,
Yes,No,No,No,Yes,Yes,No,No,No,No,Yes,Channel Status,ST03,FR1B,2,LRS_FR1B,LRS7,LRS7.4,"0 : Reference FR1B is not used
1 : Reference channel is channel 1, and FR1B is used",,Status,,No,No,No,No,No,,No,No,,KO,,,,"A garder ?
Application Mode ?",,,,NA,Nera,,,,,,,,,,,,,,,,,,,,,,,,
Yes,No,No,No,Yes,Yes,No,No,No,No,Yes,Channel Status,ST03,FR1,3,LRS_FR1,LRS7,LRS7.0,1 : Reference channel is channel 1 (FR1 or FR1B is used),,Status,,No,No,No,No,No,,No,No,,KO,,,,"A garder ?
Application Mode ?",,,,NA,All,,,,,,,,,,,,,,,,,,,,,,,,
Yes,Yes,Yes,Yes,Yes,Yes,No,No,Yes,Yes,Yes,Channel Status,ST03,CD1,4,LRS_CD1,LRS7,LRS7.2,1 : Command channel is channel 1,,Status,,No,No,No,No,No,,No,No,,KO,,,,A garder ?,,,,NA,All,,,,,,,,,,,,,,,,,,,,,,,,
Yes,Yes,Yes,Yes,Yes,Yes,No,No,Yes,Yes,Yes,Channel Status,ST03,CD2,5,LRS_CD2,LRS7,LRS7.3,1 : Command channel is channel 2,,Status,,No,No,No,No,No,,No,No,,KO,,,,A garder ?,,,,NA,All,,,,,,,,,,,,,,,,,,,,,,,,
Yes,No,No,No,Yes,Yes,No,No,No,No,Yes,Channel Status,ST03,RFC,6,LRS_RFC,LRS3,LRS3.0,"Reference channel : 0-> channel1, 1-> channel 2",,Status,,No,No,No,No,No,,No,No,,KO,,,,"A garder ?
Application Mode ?",,,,NA,Nera,,,,,,,,,,,,,,,,,,,,,,,,
Yes,No,No,No,Yes,Yes,No,No,No,No,Yes,Channel Status,ST03,RCB,7,LRS_RCB,New,,"0: FR1, 1: FR1B",,Status,,No,,No,NA,No,,No,,,KO,,,,"A garder ?
Application Mode ?",,,,,,,,,,,,,,,,,,,,,,,,,,,,,
Yes,Yes,Yes,Yes,Yes,Yes,Yes,Yes,Yes,Yes,Yes,Channel Status,ST03,CCS,8,LRS_CCS,LRS3,LRS3.1,"Command channel : 0-> channel 1, 1-> channel 2",,Status,,No,No,No,No,No,,No,No,,KO,,,,A garder ?,,,,NA,Nera,,,,,,,,,,,,,,,,,,,,,,,,
Yes,Yes,Yes,Yes,Yes,Yes,No,No,No,No,Yes,Channel Status,ST03,BMP,9,???,???,???,1: Bump Less channel ,,Status,,Yes,No,No,No,No,,No,No,,,,,,A garder ?,,,,NA,Nera,,,,,,,,,,,,,,,,,,,,,,,,
No,No,No,No,No,No,No,No,No,No,No,Channel Status,ST03,RTTM,10,,,,Synchronization to main status Affectation on Relay,,Status,,Yes,,No,,No,,No,,,,,,,,,,,,,,,,,,,,,,,,,,,,,,,,,,,,
No,No,No,No,No,No,No,No,No,No,No,Channel Status,ST03,TTMI,11,,,,Transfer to main in progress,,Status,,Yes,,No,,No,,No,,,,,,,,,,,,,,,,,,,,,,,,,,,,,,,,,,,,
,,,,,,,,,,,Channel Status,ST03,,12 to 13,,Free,,,,,,,,,,,,,,,KO,,,,,,,,,,,,,,,,,,,,,,,,,,,,,,,,,
,,,,,,,,,,,Channel Status,ST03,AFFL,14,,,,1: Automatic channel fallback active,,Alarm (Always),ALR7.b13,No,,Yes,,Yes,,No,,,,,,,,,,,,,,,,,,,,,,,,,,,,,,,,,,,,
,,,,,,,,,,,Channel Status,ST03,,15,,,,,,,,,,,,,,,,,,,,,,,,,,,,,,,,,,,,,,,,,,,,,,,,,,
Yes,Yes,Yes,Yes,Yes,Yes,Yes,Yes,Yes,Yes,Yes,Device Status,ST04,FLT,0,LRS_FLT,LRS1,LSR1.1,1: Device is in error state,[No drive flt],Status,,By Fct,Yes,No,No,No,,No,No,FLT,,,,,x,,,,NA,All,,,,,,,,,,,,,,,,,,,,,,,,
No,Yes,Yes,Yes,Yes,Yes,Yes,Yes,Yes,Yes,Yes,Device Status,ST04,AUTO,1,LRS_AUTO,LRS5,LRS5.3,1 : Automatic restart attempts in progress,,Status,,No,No,No,No,No,,Yes,AUTO,FLT,,,,,x,,,,NA,All,,,,,,,,,,,,,,,,,,,,,,,,
Yes,Yes,Yes,Yes,Yes,Yes,Yes,Yes,Yes,Yes,Yes,Device Status,ST04,RDY,2,LRS_RDY,LRS8,LRS8.15,1: Device is in ready state,[Brake R. al.],Status,,Yes,Yes,No,No,No,,No,No,RDY,,,,,x,,,,NA,Nera,,,,,,,,,,,,,,,,,,,,,,,,
Yes,Yes,Yes,Yes,Yes,Yes,No,No,No,No,Yes,Device Status,ST04,RUN,3,LRS_RUN,LRS1,LRS1.2,"0 : No gating order is set (no current in the motor)
1 : A gating order is set (there is potentially current in the motor)",[Drv running],Status,,Yes,Yes,No,No,No,,No,No,RUN,,,,,x,,,,NA,All,,,,,,,,,,,,,,,,,,,,,,,,
Yes,No,No,No,Yes,Yes,Yes,Yes,Yes,Yes,Yes,Device Status,ST04,DBL,4,LRS_DBL,LRS5,LRS5.0,1 : Powerstage is supply,[DC charged],Status,,Yes,Yes,No,No,No,,Yes,DBL,,,,,,x,,,,NA,All,,,,,,,,,,,,,,,,,,,,,,,,
Yes,No,No,No,Yes,Yes,No,No,No,No,Yes,Device Status,ST04,CTL,5,LRS_CTL,LRS5,LRS5.5,1 : Controlled stop on power loss in progress,,Status,,No,No,No,No,No,,No,No,CTL,,,,,x,,,,NA,Nera,,,,,,,,,,,,,,,,,,,,,,,,
Yes,No,Yes,No,Yes,Yes,No,Yes,No,No,Yes,Device Status,ST04,STO,6,LRS_PRM,LRS5,LRS5.2,1 : STO function activated ,[P. removed],Status,,PRM,Yes,No,No,No,,No,No,STO,,,,,x,,,,NA,Nera,,,,,,,,,,,,,,,,,,,,,,,,
No,No,No,No,Yes,Yes,No,No,No,No,Yes,Device Status,ST04,FST,7,LRS_FST,LRS4,LRS4.15,1: A fast stop request is on going,,Status,,No,No,No,No,No,,Yes,FST,FST,,,,,x,,,,NA,?,,,,,,,,,,,,,,,,,,,,,,,,
Yes,No,No,No,Yes,Yes,No,No,No,No,Yes,Device Status,ST04,FRF,8,,New,,1: Reaction on event / fallback speed,[fallback spd],Alarm f(custumer context),ALR1.b00,Yes,NA,No,NA,No,NA,Yes,NA,FRF,,Alarm_As_Status,"In status because behind the alarm, there is a reaction of the drive",,,,,,,,,,,,,,,,,,,,,,,,,,,,,,,
Yes,No,No,No,Yes,Yes,No,No,No,No,Yes,Device Status,ST04,RLS,9,,New,,1: Reaction on event / maintain speed,[Spd maint.],Alarm f(custumer context),ALR1.b01,Yes,NA,No,NA,No,NA,Yes,NA,RLS,,Alarm_As_Status,"In status because behind the alarm, there is a reaction of the drive",,,,,,,,,,,,,,,,,,,,,,,,,,,,,,,
Yes,No,No,No,Yes,Yes,No,No,No,No,Yes,Device Status,ST04,STT,10,,New,,1:  Stop on STT ,[Per STT],Alarm f(customer context),ALR1.b02,Yes,NA,No,NA,Yes,NA,Yes,NA,,,Alarm_As_Status,"In status because behind the alarm, there is a reaction of the drive",,,,,,,,,,,,,,,,,,,,,,,,,,,,,,,
No,Yes,Yes,Yes,No,No,No,No,No,No,No,Device Status,ST04,STT,10,,New,,1:  Stop on STT,[Per STT],Status,,Yes,NA,No,NA,No,NA,Yes,NA,,,,,,,,,,,,,,,,,,,,,,,,,,,,,,,,,,,
No,No,No,No,Yes,Yes,No,No,Yes,Yes,No,Device Status,ST04,IDLE,11,,New,,1: Stop and Go idle state,,Status,,No,,No,,No,,No,,IDLE,,,,,,,,,,,,,,,,,,,,,,,,,,,,,,,,,,
Yes,No,No,No,Yes,No,No,No,No,No,Yes,Device Status,ST04,ICC,12,,,,1:Drive is locked when encoder configuration is not complete,,Status,,No,,No,,No,,Yes,,NST,,,,,,,,,,,,,,,,,,,,,,,,,,,,,,,,,,
Yes,No,No,No,No,No,No,No,No,No,No,Device Status,ST04,INI,13,,,,1: Device is initialized,,Status,,No,No,No,No,No,No,No,,,,,,,,,,,,,,,,,,,,,,,,,,,,,,,,,,,,
No,Yes,Yes,Yes,No,No,No,No,No,No,No,Device Status,ST04,BYP,13,,,,1: Bypass active,,Status,,No,No,No,No,No,No,Yes,,BYP,,,,,,,,,,,,,,,,,,,,,,,,,,,,,,,,,,
No,Yes,Yes,No,No,No,No,No,No,No,No,Device Status,ST04,BRL,14,,,,1: Braking active,,Status,,No,No,No,No,No,No,Yes,,BRL,,,,,,,,,,,,,,,,,,,,,,,,,,,,,,,,,,
No,Yes,Yes,Yes,No,No,No,No,No,No,No,Device Status,ST04,SDY,15,,,,1: Steady state reached,,Status,,No,,No,,No,,Yes,,RUN/BYP/STB,,,,,,,,,,,,,,,,,,,,,,,,,,,,,,,,,,
No,Yes,Yes,Yes,Yes,Yes,Yes,Yes,Yes,Yes,Yes,ElectroMech,ST05,LLC,0,LRS_LLC,LRS5,LRS5.9,1 : The device asks to close the line contactor,[Input cont.],Status,,By Fct,Yes,No,No,No,,No,No,,KO,,,,x,,,,NA,Nera,,,,,,,,,,,,,,,,,,,,,,,,
No,No,No,No,Yes,Yes,No,No,No,No,Yes,ElectroMech,ST05,OCC,1,LRS_OCC,LRS1,LRS1.3,"1 : The device asks to close the output contactor
(Controlled downstream contactor)",[Output cont],Status,,By Fct,Yes,No,No,No,,No,No,,KO,,,,x,,,,NA,All,,,,,,,,,,,,,,,,,,,,,,,,
No,No,No,No,Yes,Yes,Yes,No,No,No,Yes,ElectroMech,ST05,SOC,2,LRS_SOC,LRS5,LRS5.7,"1 : The device has detected that the output contactor is open
(Uncontrolled downstream contactor)",,Status,,No,No,No,No,No,,No,No,SOC,,,,,x,,,,NA,Nera,,,,,,,,,,,,,,,,,,,,,,,,
No,No,No,No,Yes,No,No,No,No,No,Yes,ElectroMech,ST05,BLC,3,LRS_BLC,LRS1,LRS1.9,1 : The drive asks to close the brake,[Brk control],Status,,By Fct,Yes,No,No,No,,No,No,,KO,,,,x,,,,NA,,,,,,,,,,,,,,,,,,,,,,,,,
Yes,No,No,No,Yes,No,No,Yes,Yes,Yes,Yes,ElectroMech,ST05,BRS,4,LRS_BRS,LRS5,LRS5.1,1: The braking resitor is used,[In braking],Status,,Yes,Yes,No,No,No,,Yes,BRS,,,,,,x,,,,,,,,,,,,,,,,,,,,,,,,,,,,,
No,No,No,No,Yes,No,No,No,Yes,Yes,Yes,ElectroMech,ST05,DCO,5,LRS_DCO,LRS7,LRS7.13,DC Bus charge option state,[DC charging],Status,,By Fct,Yes,No,No,No,,No,No,,KO,,,,x,,,,NA,Nera,,,,,,,,,,,,,,,,,,,,,,,,
Yes,No,No,No,Yes,Yes,No,Yes,Yes,Yes,No,ElectroMech,ST05,CBEP,6,,,,1: The drive asks to close circuit breaker,,Status,,Yes,,No,,No,,No,,,,,,,,,,,,,,,,,,,,,,,,,,,,,,,,,,,,
Yes,No,No,No,Yes,Yes,No,Yes,Yes,Yes,No,ElectroMech,ST05,CBDP,7,,,,1: The drive asks to opencircuit breaker,,Status,,Yes,,No,,No,,No,,,,,,,,,,,,,,,,,,,,,,,,,,,,,,,,,,,,
No,No,No,No,Yes,No,No,No,No,No,Yes,ElectroMech,ST05,BSA,8,LRS_BSA,LRS6,LRS6.13,1: brake Speed Alarm,[Brk control],Alarm (Always),ALR6.b04,Yes,Yes,Yes,Yes,No,,No,No,,,,"In status because behind the alarm, there is a reaction of the drive",,,,,,,,,,,,,,,,,,,,,,,,,,,,,,,
No,No,No,No,Yes,No,No,No,No,No,Yes,ElectroMech,ST05,BCA,9,LRS_BCA,LRS6,LRS6.14,1: Brake contact alarm,,Alarm (Always),ALR6.b05,Yes,Yes,Yes,Yes,No,,No,No,,,,"In status because behind the alarm, there is a reaction of the drive",,,,,,,,,,,,,,,,,,,,,,,,,,,,,,,
No,No,No,No,Yes,No,No,No,No,No,No,ElectroMech,ST05,BSC,10,,,,1:Bask spin control is active,,Alarm f(custumer context),ALR6.b07,No,,No,,No,,Yes,,,,,,,,,,,,,,,,,,,,,,,,,,,,,,,,,,,,
No,No,No,No,Yes,Yes,No,No,No,No,Yes,ElectroMech,ST05,DCRW,11,,,,1: DC Bus ripple warning,,Alarm (Always),ALR9.b09,Yes,,Yes,,Yes,,Yes,,,,,,,,,,,,,,,,,,,,,,,,,,,,,,,,,,,,
,,,,,,,,,,,ElectroMech,ST05,,12,,,,,,,,,,,,,,,,,,,,,,,,,,,,,,,,,,,,,,,,,,,,,,,,,,
No,Yes,No,No,No,No,No,No,No,No,No,ElectroMech,ST05,BPS,13,,,,1: Bypass Active,,Status,,No,,No,,No,,Yes,,,,,,,,,,,,,,,,,,,,,,,,,,,,,,,,,,,,
No,Yes,Yes,Yes,No,No,No,No,No,No,No,ElectroMech,ST05,BPA,14,,,,1: Bypass alarm,,Alarm f(customer context),ALR6.b13,No,,No,,Yes,,No,,,,,,,,,,,,,,,,,,,,,,,,,,,,,,,,,,,,
,,,,,,,,,,,ElectroMech,ST05,,15,Free,,,,,,,,,,,,,,,,KO,,,,,,,,,,,,,,,,,,,,,,,,,,,,,,,,,
Yes,Yes,Yes,Yes,Yes,Yes,No,No,No,No,Yes,Motor,ST06,ACC,0,LRS_ACC,LRS4,LRS4.13,1: Motor in acceleration ,,Status,,No,No,No,No,No,,No,No,ACC,,,,,x,,,,NA,All,,,,,,,,,,,,,,,,,,,,,,,,
Yes,Yes,Yes,Yes,Yes,Yes,No,No,No,No,Yes,Motor,ST06,DEC,1,LRS_DEC,LRS4,LRS4.14,1: Motor in deceleration ,,Status,,No,No,No,No,No,,No,No,DEC,,,,,x,,,,NA,All,,,,,,,,,,,,,,,,,,,,,,,,
Yes,No,No,No,Yes,Yes,No,No,No,No,Yes,Motor,ST06,SRA,2,LRS_SRA,LRS1,LRS1.7,1 : Frequency reference reached,[Freq.ref.att],Alarm f(custumer context),ALR1.b03,Yes,Yes,No,Yes,No,,Yes,SRA,,,Alarm_As_Status,"In status because it is a normal to raise this event, but can be added in alarm groups ",,x,,,,NA,All,,,,,,,,,,,,,,,,,,,,,,,,
Yes,No,Yes,No,Yes,Yes,No,No,No,No,Yes,Motor,ST06,MFRD,3,LRS_MFRD,LRS2,LRS2.14 ,1: Motor running in Forward,[Forward],Status,,Yes,Yes,No,No,No,,Yes,MFRD,,,,,,x,,,,NA,?,,,,,,,,,,,,,,,,,,,,,,,,
Yes,No,Yes,No,Yes,Yes,No,No,No,No,Yes,Motor,ST06,MRRS,4,LRS_MRRS,LRS2,LRS2.15 ,1: Motor running in Reverse,[Reverse],Status,,Yes,Yes,No,No,No,,Yes,MRRS,,,,,,x,,,,NA,?,,,,,,,,,,,,,,,,,,,,,,,,
Yes,No,No,No,Yes,Yes,No,No,No,No,Yes,Motor,ST06,ATS,5,LRS_ATS,LRS3,LRS3.15,1: Torque on the motor is negative,[Neg Torque],Status,,Yes,Yes,No,No,No,,No,No,,,,,,x,,,,NA,?,,,,,,,,,,,,,,,,,,,,,,,,
No,No,No,No,Yes,Yes,No,No,No,No,Yes,Motor,ST06,IDC,6,LRS_IDC,LRS4,LRS4.11,1 : DC injection is running (automatic or by order),,Status,,No,No,No,No,No,,No,No,DCB,,,,,x,,,,NA,All,,,,,,,,,,,,,,,,,,,,,,,,
Yes,No,No,No,Yes,No,No,No,No,No,Yes,Motor,ST06,FLU,7,LRS_FLU,LRS4,LRS4.9,1: Motor fluxing in progress,,Status,,No,No,No,No,No,,No,No,FLU,,,,,x,,,,NA,,,,,,,,,,,,,,,,,,,,,,,,,
Yes,No,No,No,Yes,No,No,No,No,No,Yes,Motor,ST06,FLX,8,LRS_FLX,LRS4,LRS4.10,1: Motor fluxed,,Status,,No,No,No,No,No,,Yes,FLX,,,,,,x,,,,NA,,,,,,,,,,,,,,,,,,,,,,,,,
Yes,No,No,No,Yes,Yes,No,No,No,No,Yes,Motor,ST06,TUN,9,LRS_TUN,LRS5,LRS5.4,1 : Autotune in progress,,Status,,No,No,No,No,No,,Yes,TUN,TUN,,,,,x,,,,NA,Nera,,,,,,,,,,,,,,,,,,,,,,,,
Yes,No,No,No,Yes,Yes,No,No,No,No,Yes,Motor,ST06,MCP,10,LRS_MCP,LRS5,LRS5.13,1 : Motor current present,[I present],Status,,Yes,Yes,No,No,No,,No,No,,,,,,x,,,,NA,All,,,,,,,,,,,,,,,,,,,,,,,,
Yes,No,No,No,Yes,Yes,No,No,No,No,Yes,Motor,ST06,RP2,11,LRS_RP2,LRS3,LRS3.2,"Ramp switching state : 0-> ramp 1, 1-> ramp 2",,Status,,Yes,Yes,No,No,No,,No,No,,,,,,x,,,,NA,Nera,,,,,,,,,,,,,,,,,,,,,,,,
Yes,No,No,No,Yes,No,No,No,No,No,Yes,Motor,ST06,CL2,12,LRS_CL2,LRS3,LRS3.3,"Current switching state : 0-> current limit 1, 1-> current limit 2",,Status,,No,No,No,No,No,,No,No,,KO,,,,x,,,,NA,Nera,,,,,,,,,,,,,,,,,,,,,,,,
No,No,Yes,No,No,No,No,No,No,No,No,Motor,ST06,CL2,12,LRS_CL2,LRS3,LRS3.3,"Current switching state : 0-> current limit 1, 1-> current limit 2",,Status,,Yes,No,No,No,No,,No,No,,,,,,x,,,,NA,Nera,,,,,,,,,,,,,,,,,,,,,,,,
Yes,No,No,No,Yes,No,No,No,No,No,Yes,Motor,ST06,TL2,13,LRS_TL2,LRS3,LRS3.4,"Torque switching state : 0-> Torque limit 1, 1-> Torque limit 2",,Status,,No,No,No,No,No,,No,No,,KO,,,,x,,,,NA,Nera,,,,,,,,,,,,,,,,,,,,,,,,
No,Yes,Yes,Yes,No,No,No,No,No,No,No,Motor,ST06,OLMA,14,,,,1:  Motor overload,,Alarm f(customer context),ALR6.b09,Yes,,No,,Yes,,No,,,,,,,,,,,,,,,,,,,,,,,,,,,,,,,,,,,,
No,Yes,Yes,Yes,No,No,No,No,No,No,No,Motor,ST06,TBS,15,Free,,,1: Time before restarting,,Status,,No,,No,,No,,Yes,,TBS,,,,,,,,,,,,,,,,,,,,,,,,,,,,,,,,,,
Yes,Yes,Yes,Yes,Yes,Yes,Yes,Yes,Yes,Yes,Yes,AlarmGroups,ST07,AG1,0,LRS_AG1,LRS6,LRS6.0,1: One of the alarm of alarm group 1 is active,[Alarm Grp 1],Status,,Yes,Yes,No,No,No,No,No,No,,,,,,,,x,,Customer must configure,Nera,,,,,,,,,,,,,,,,,,,,,,,,
Yes,Yes,Yes,Yes,Yes,Yes,Yes,Yes,Yes,Yes,Yes,AlarmGroups,ST07,AG2,1,LRS_AG2,LRS6,LRS6.1,1: One of the alarm of alarm group 2 is active,[Alarm Grp 2],Status,,Yes,Yes,No,No,No,No,No,No,,,,,,,,x,,Customer must configure,Nera,,,,,,,,,,,,,,,,,,,,,,,,
Yes,Yes,Yes,Yes,Yes,Yes,Yes,Yes,Yes,Yes,Yes,AlarmGroups,ST07,AG3,2,LRS_AG3,LRS6,LRS6.2 ,1: One of the alarm of alarm group 3 is active,[Alarm Grp 3],Status,,Yes,Yes,No,No,No,No,No,No,,,,,,,,x,,Customer must configure,Nera,,,,,,,,,,,,,,,,,,,,,,,,
Yes,Yes,Yes,Yes,Yes,Yes,Yes,Yes,Yes,Yes,Yes,AlarmGroups,ST07,AG4,3,,New,,1: One of the alarm of alarm group 4 is active,[Alarm Grp 4],Status,,Yes,,No,NA,No,No,No,,,,,,,,,x,,Customer must configure,Nera,,,,,,,,,,,,,,,,,,,,,,,,
Yes,Yes,Yes,Yes,Yes,Yes,Yes,Yes,Yes,Yes,Yes,AlarmGroups,ST07,AG5,4,,New,,1: One of the alarm of alarm group 5 is active,[Alarm Grp 5],Status,,Yes,,No,NA,No,No,No,,,,,,,,,x,,Customer must configure,Nera,,,,,,,,,,,,,,,,,,,,,,,,
,,,,,,,,,,,AlarmGroups,ST07,,5 to 7,Free,,,,,,,,,,,,,,,,KO,,,,,,,,,,,,,,,,,,,,,,,,,,,,,,,,,
Yes,No,No,No,Yes,Yes,No,No,Yes,Yes,No,AlarmGroups,ST07,LCA1,8,,New,,1: Life Cycle Alarm 1 is raised,,Alarm (Always),ALR1.b04,Yes,,Yes,NA,Yes,NA,No,,,,,,,,,x,,LCAC = No,Nera,,,,,,,,,,,,,,,,,,,,,,,,
Yes,No,No,No,Yes,Yes,No,No,Yes,Yes,No,AlarmGroups,ST07,LCA2,9,,New,,1: Life Cycle Alarm 2 is raised,,Alarm (Always),ALR1.b05,Yes,,Yes,NA,Yes,NA,No,,,,,,,,,x,,LCAC = No,Nera,,,,,,,,,,,,,,,,,,,,,,,,
,,,,,,,,,,,AlarmGroups,ST07,,10 to 15,Free,,,,,,,,,,,,,,,,KO,,,,,,,,,,,,,,,,,,,,,,,,,,,,,,,,,
No,No,No,No,No,Yes,No,No,No,No,No,Process/Water,ST08,DRYA,0,,New,,1: Dry running alarm is raised,,Alarm (Always),ALR1.b06,Yes,,Yes,NA,Yes,NA,No,,,,,,,,,x,,,Nera,,,,,,,,,,,,,,,,,,,,,,,,
No,No,No,No,No,Yes,No,No,No,No,No,Process/Water,ST08,PLFA,1,,New,,1: Pump Low flow alarm is raised,,Alarm (Always),ALR1.b14,Yes,,Yes,NA,Yes,NA,No,,,,,,,,,x,,,Nera,,,,,,,,,,,,,,,,,,,,,,,,
No,No,No,No,No,Yes,No,No,No,No,No,Process/Water,ST08,HFPA,2,,New,,1: Process high flow alarm is raised,,Alarm (Always),ALR1.b08,Yes,,Yes,NA,Yes,NA,No,,,,,,,,,x,,,Nera,,,,,,,,,,,,,,,,,,,,,,,,
No,No,No,No,No,Yes,No,No,No,No,No,Process/Water,ST08,IPPA,3,,New,,1: Inlet pressure alarm is raised,,Alarm (Always),ALR1.b09,Yes,,Yes,NA,Yes,NA,No,,,,,,,,,x,,,Nera,,,,,,,,,,,,,,,,,,,,,,,,
No,No,No,No,No,Yes,No,No,No,No,No,Process/Water,ST08,OPLA,4,,New,,1: Oulet low pressure alarm is raised,,Alarm (Always),ALR1.b10,Yes,,Yes,NA,Yes,NA,No,,,,,,,,,x,,,Nera,,,,,,,,,,,,,,,,,,,,,,,,
No,No,No,No,No,Yes,No,No,No,No,No,Process/Water,ST08,OPHA,5,,New,,1: Oulet high pressure alarm is raised,,Alarm (Always),ALR1.b11,Yes,,Yes,NA,Yes,NA,No,,,,,,,,,x,,,Nera,,,,,,,,,,,,,,,,,,,,,,,,
Yes,No,Yes,No,Yes,Yes,No,No,No,No,No,Process/Water,ST08,PCPA,6,,New,,1: Pump cycling alarm is raised ,,Alarm (Always),ALR1.b12,Yes,,Yes,NA,Yes,NA,No,,,,,,,,,x,,,Nera,,,,,,,,,,,,,,,,,,,,,,,,
No,No,No,No,No,Yes,No,No,No,No,No,Process/Water,ST08,JAMA,7,,New,,1: Anti-jam alarm is raised,,Alarm (Always),ALR1.b13,Yes,,Yes,NA,Yes,NA,No,,,,,,,,,x,,,Nera,,,,,,,,,,,,,,,,,,,,,,,,
No,No,Yes,No,No,No,No,No,No,No,No,Process/Water,ST08,JAMA,7,,New,,1: Anti-jam alarm is raised,,Alarm (custumer context),ALR1.b13,Yes,,Yes,NA,Yes,NA,No,,,,,,,,,x,,,Nera,,,,,,,,,,,,,,,,,,,,,,,,
No,No,No,No,No,Yes,No,No,No,No,No,Process/Water,ST08,LFA,8,,New,,1. Low flow alarm is raised,,Alarm (Always),ALR1.b07,Yes,,Yes,NA,Yes,NA,No,,,,,,,,,x,,,,,,,,,,,,,,,,,,,,,,,,,,,
No,No,No,No,No,Yes,No,No,No,No,No,Process/Water,ST08,LPA,9,,New,,1: Low pressure alarm is raised,,Alarm (Always),ALR1.b15,Yes,,Yes,NA,Yes,NA,No,,,,,,,,,x,,,,,,,,,,,,,,,,,,,,,,,,,,,
No,No,No,No,No,Yes,No,No,No,No,No,Process/Water,ST08,FSA,10,LRS_FSA,LRS7,LRS7.14,1: Flow limit function activated (FL_Mode_On),[Flow Limit.],Alarm f(custumer context),ALR2.b00,Yes,Yes,No,Yes,Yes,Not Applicable,No,,,,,,,,,,x,NA,Nera,,,,,,,,,,,,,,,,,,,,,,,,
No,No,No,No,No,Yes,No,No,No,No,No,Process/Water,ST08,OPSA,11,,New,,1: Outlet Pressure Switch Alarm,,Alarm f(custumer context),ALR5.b09,Yes,,No,,Yes,,No,,,,,,,,,,,,,,,,,,,,,,,,,,,,,,,,,,,,
No,No,No,No,No,Yes,No,No,No,No,No,Process/Water,ST08,MPCA,12,,New,,1: Multi-Pump Capacity Alarm (Capacity Exeeded),,Alarm f(custumer context),ALR5.b13,Yes,,No,,Yes,,No,,,,,,,,,,,,,,,,,,,,,,,,,,,,,,,,,,,,
No,No,No,No,No,Yes,No,No,No,No,No,Process/Water,ST08,MPLA,13,,New,,1: Multi-Pump Lead Alarm (Lead not available or lost),,Alarm f(custumer context),ALR5.b14,Yes,,No,,Yes,,No,,,,,,,,,,,,,,,,,,,,,,,,,,,,,,,,,,,,
No,No,No,No,No,Yes,No,No,No,No,No,Process/Water,ST08,LCHA,14,,New,,1: Level Control High Level Alarm,,Alarm f(custumer context),ALR5.b15,Yes,,No,,Yes,,No,,,,,,,,,,,,,,,,,,,,,,,,,,,,,,,,,,,,
No,No,No,No,No,Yes,No,No,No,No,No,Process/Water,ST08,LCLA,15,,New,,1: Level Control Low Level Alarm,,Alarm f(custumer context),ALR6.b00,Yes,,No,,Yes,,No,,,,,,,,,,,,,,,,,,,,,,,,,,,,,,,,,,,,
Yes,No,No,No,Yes,Yes,No,No,No,No,Yes,Process,ST09,PFA,0,LRS_PFA,LRS1,LRS1.11,1: PID Feedback alarm is raised,[PID fdbk al],Alarm (Always),ALR2.b02,Yes,Yes,Yes,Yes,Yes,PFA,No,No,,,,,,,,x,,"PAL = PIF1
PAH = PIF2",Nera,,,,,,,,,,,,,,,,,,,,,,,,
Yes,No,No,No,Yes,Yes,No,No,No,No,Yes,Process,ST09,PFAH,1,LRS_PFAH,LRS2,LRS2.7 ,1: PID feedback high threshold reached ,[PID high Al.],Alarm f(custumer context),ALR2.b03,Yes,Yes,No,Yes,Yes,PFAH,No,No,,,,,,,,,x,PAH = PIF2,Nera,,,,,,,,,,,,,,,,,,,,,,,,
Yes,No,No,No,Yes,Yes,No,No,No,No,Yes,Process,ST09,PFAL,2,LRS_PFAL,LRS2,LRS2.8 ,1: PID feedback low threshold reached,[PID low Alarm],Alarm f(custumer context),ALR2.b04,Yes,Yes,No,Yes,Yes,PFAL,No,No,,,,,,,,,x,PAL = PIF1,Nera,,,,,,,,,,,,,,,,,,,,,,,,
Yes,No,No,No,Yes,Yes,No,No,No,No,Yes,Process,ST09,PISH,3,LRS_PISH,LRS2,LRS2.9,1: PI feedback Monitoring alarm is raised,[Regul.Alarm],Alarm (Always),ALR2.b05,Yes,Yes,Yes,Yes,Yes,PISH,No,No,,,,,,,,x,,,,,,,,,,,,,,,,,,,,,,,,,,,
No,No,No,No,No,Yes,No,No,No,No,No,Process,ST09,LCWA,4,,New,,1: Level Control Switch Failure Alarm,,Alarm f(custumer context),ALR6.b01,Yes,,No,,Yes,,No,,,,,,,,,,,,,,,,,,,,,,,,,,,,,,,,,,,,
,,,,,,,,,,,Process,ST09,,5 to 9,Used,,,Not specified !!!,,,,,,,,,,,,,KO,,,,,,,,,,,,,,,,,,,,,,,,,,,,,,,,,
No,No,No,No,No,Vx.y,No,No,No,No,No,Process,ST09,VCA,10,,New,,1: Vortex Control Alarm,,,,,,,,,,,,,KO,,,,,,,,,,,,,,,,,,,,,,,,,,,,,,,,,
Yes,No,No,No,Yes,Yes,No,No,No,No,Yes,Process,ST09,PEE,11,LRS_PEE,LRS1,LRS1.10,1: Alarm on PID error is raised,[PID error al],Alarm (Always),ALR2.b01,Yes,Yes,Yes,Yes,Yes,PEE,No,No,,,,,,,,x,,PER = 100%,Nera,,,,,,,,,,,,,,,,,,,,,,,,
,,,,,,,,,,,Process,ST09,,12 to 15,Free,,,,,,,,,,,,,,,,KO,,,,,,,,,,,,,,,,,,,,,,,,,,,,,,,,,
No,No,No,No,Yes,No,No,No,No,No,Yes,Process/Hoisting,ST10,LSA,0,LRS_LSA,LRS5,LRS5.14,1: A limit switch has been reached,[Limit sw. att],Alarm f(custumer context),ALR2.b06,Yes,Yes,No,No,Yes,No,No,No,,,,,,,,,x,,,,,,,,,,,,,,,,,,,,,,,,,,
No,No,No,No,Yes,No,No,No,No,No,Yes,Process/Hoisting,ST10,RSDA,1,LRS_RSDA,LRS2,LRS2.11,1: Rope slack detection,[Rope slack ],Alarm (Always),ALR2.b07,Yes,Yes,Yes,Yes,Yes,RSDA,No,No,,,,,,,,,x,,,,,,,,,,,,,,,,,,,,,,,,,,
No,No,No,No,Yes,No,No,No,No,No,Yes,Process/Hoisting,ST10,DLDA,2,LRS_DLDA,LRS5,LRS5.15,"1: High Speed Hoisiting, dynamic load detection",[Load alarm],Alarm (Always),ALR2.b08,Yes,No,Yes,Yes,Yes,DLDA,No,No,,,,,,,x,,x,,,,,,,,,,,,,,,,,,,,,,,,,,
,,,,,,,,,,,Process/Hoisting,ST10,,2 to 15,Free,,,,,,,,,,,,,,,,KO,,,,,,,,,,,,,,,,,,,,,,,,,,,,,,,,,
No,No,No,No,No,Yes,No,No,No,No,No,Inputs,ST11,TP2A,0,LRS_P2A,LRS6,LRS6.4,1. When Thermal 2 alarm is raised,[Thermal 2],Alarm (Always),ALR2.b09,Yes,Yes,Yes,Yes,Yes,No,No,No,,,,,,,,x,,No deactivation,Nera,,,,,,,,,,,,,,,,,,,,,,,,
Yes,No,No,No,Yes,Yes,No,No,No,No,Yes,Inputs,ST11,TP3A,1,LRS_P3A,LRS6,LRS6.5,1. When Thermal 3 alarm is raised,[Thermal 3],Alarm (Always),ALR2.b10,Yes,No,Yes,Yes,Yes,No,No,No,,,,,,,,x,,No deactivation,Nera,,,,,,,,,,,,,,,,,,,,,,,,
Yes,No,No,No,Yes,Yes,No,No,No,No,Yes,Inputs,ST11,TP4A,2,LRS_P4A,LRS6,LRS6.6 ,1. When Thermal 4 alarm is raised,[Thermal 4],Alarm (Always),ALR2.b11,Yes,No,Yes,Yes,Yes,No,No,No,,,,,,,,x,,No deactivation,Nera,,,,,,,,,,,,,,,,,,,,,,,,
Yes,No,No,No,Yes,Yes,No,No,No,No,Yes,Inputs,ST11,TP5A,3,,,,1. When Thermal 5 alarm is raised,[Thermal 5],Alarm (Always),ALR2.b12,Yes,,Yes,,Yes,,No,,,,,,,,,x,,No deactivation,Nera,,,,,,,,,,,,,,,,,,,,,,,,
Yes,No,No,No,Yes,No,No,No,No,No,Yes,Inputs,ST11,TP1A,4,LRS_P1A,LRS6,LRS6.3,1. When Thermal 1 alarm is raised,[Thermal 1],Alarm (Always),ALR6.b06,Yes,Yes,Yes,Yes,Yes,No,No,No,,,,,,,,x,,No deactivation,,,,,,,,,,,,,,,,,,,,,,,,,
No,Yes,Yes,Yes,No,No,No,No,No,No,No,Inputs,ST11,TP1A,4,LRS_P1A,LRS6,LRS6.3,1. When Thermal 1 alarm is raised,[Thermal 1],Alarm f(customer context),ALR6.b06,Yes,Yes,No,Yes,Yes,No,No,No,,,,,,,,x,,No deactivation,,,,,,,,,,,,,,,,,,,,,,,,,
,,,,,,,,,,,Inputs,ST11,,5 to 6,,,,,,,,,,,,,,,,,,,,,,,,,,,,,,,,,,,,,,,,,,,,,,,,,,
Yes,No,No,No,Yes,No,No,No,No,No,Yes,Inputs,ST11,TPEA,7,,,,1. When Temperature Encoder board alarm is raised,[Thermal 5],Alarm (Always),ALR8.b13,No,,Yes,,Yes,,No,,,,,,,,,x,,No deactivation,Nera,,,,,,,,,,,,,,,,,,,,,,,,
Yes,No,No,No,Yes,No,No,No,No,No,Yes,Inputs,ST11,TS1A,8,,New,,1. When Thermal sensor 1 alarm is raised,,Alarm (Always),ALR9.b04,Yes,,Yes,,Yes,,No,,,,,,,,,x,,No deactivation,,,,,,,,,,,,,,,,,,,,,,,,,
No,Yes,Yes,Yes,No,No,No,No,No,No,No,Inputs,ST11,TS1A,8,,New,,1. When Thermal sensor 1 alarm is raised,,Alarm f(customer context),ALR9.b04,Yes,,No,,Yes,,No,,FLT,,Alarm_As_Status,,,,,x,,No deactivation,,,,,,,,,,,,,,,,,,,,,,,,,
No,No,No,No,No,Yes,No,No,No,No,No,Inputs,ST11,TS2A,9,,New,,1. When Thermal sensor 2 alarm is raised,,Alarm (Always),ALR9.b05,Yes,,Yes,,Yes,,No,,,,,,,,,x,,No deactivation,Nera,,,,,,,,,,,,,,,,,,,,,,,,
Yes,No,No,No,Yes,Yes,No,No,No,No,Yes,Inputs,ST11,TS3A,10,,New,,1. When Thermal sensor 3 alarm is raised,,Alarm (Always),ALR9.b06,Yes,,Yes,,Yes,,No,,,,,,,,,x,,No deactivation,Nera,,,,,,,,,,,,,,,,,,,,,,,,
Yes,No,No,No,Yes,Yes,No,No,No,No,Yes,Inputs,ST11,TS4A,11,,New,,1. When Thermal sensor 4 alarm is raised,,Alarm (Always),ALR9.b07,Yes,,Yes,,Yes,,No,,,,,,,,,x,,No deactivation,Nera,,,,,,,,,,,,,,,,,,,,,,,,
Yes,No,No,No,Yes,Yes,No,No,No,No,Yes,Inputs,ST11,TS5A,12,,New,,1. When Thermal sensor 5 alarm is raised,,Alarm (Always),ALR9.b08,Yes,,Yes,,Yes,,No,,,,,,,,,x,,No deactivation,Nera,,,,,,,,,,,,,,,,,,,,,,,,
,,,,,,,,,,,Inputs,ST11,,13 to 15,Free,,,,,,,,,,,,,,,,KO,,,,,,,,,,,,,,,,,,,,,,,,,,,,,,,,,
Yes,No,No,No,Yes,Yes,No,No,Yes,Yes,Yes,Inputs,ST12,AP1,0,LRS_AP1,New,,1 : 4-20 loss alarm on AI1,[AI1 Al. 4-20],Alarm (Always),ALR2.b13,Yes,,yes,NA,Yes,No,No,,,,,,,,x,x,,No deactivation,,,,,,,,,,,,,,,,,,,,,,,,,
No,No,No,No,No,Yes,No,No,No,No,No,Inputs,ST12,AP2,1,LRS_AP2,LRS1,LRS1.12,1 : 4-20 loss alarm on AI2,[AI2 Al. 4-20],Alarm (Always),ALR2.b14,Yes,Yes,Yes,Yes,Yes,No,No,No,,,,,,,x,x,,No deactivation,Nera,,,,,,,,,,,,,,,,,,,,,,,,
Yes,No,No,No,Yes,Yes,No,No,Yes,Yes,Yes,Inputs,ST12,AP3,2,LRS_AP3,LRS7,LRS7.11,1: 4-20 loss alarm on AI3,[AI3 Al. 4-20],Alarm (Always),ALR2.b15,Yes,Yes,Yes,Yes,Yes,No,No,No,,,,,,,x,x,,No deactivation,Nera,,,,,,,,,,,,,,,,,,,,,,,,
Yes,No,No,No,Yes,Yes,No,No,Yes,Yes,Yes,Inputs,ST12,AP4,3,LRS_AP4,LRS7,LRS7.12,1 : 4-20 loss alarm on AI4,[AI4 Al. 4-20],Alarm (Always),ALR3.b00,Yes,Yes,Yes,Yes,Yes,No,No,No,,,,,,,x,x,,No deactivation,Nera,,,,,,,,,,,,,,,,,,,,,,,,
Yes,No,No,No,Yes,Yes,No,No,Yes,Yes,Yes,Inputs,ST12,AP5,4,LRS_AP5,LRS8,LRS8.11,1 : 4-20 loss alarm on AI5,[AI5 Al. 4-20],Alarm (Always),ALR3.b01,Yes,Yes,Yes,Yes,Yes,No,No,No,,,,,,,x,x,,,,,,,,,,,,,,,,,,,,,,,,,,,
,,,,,,,,,,,Inputs,ST12,,5 to 15,Free,,,,,,,,,,,,,,,,KO,,,,,,,,,,,,,,,,,,,,,,,,,,,,,,,,,
Yes,No,No,No,Yes,Yes,No,No,No,No,Yes,Device Alarms,ST13,THA,0,LRS_THA,LRS6,LRS6.11 ,1 : device overheating alarm is raised,[Al. °C drv],Alarm (Always),ALR3.b02,Yes,Yes,Yes,Yes,Yes,THA,No,No,,,,,,,x,x,,No deactivation,Nera,,,,,,,,,,,,,,,,,,,,,,,,
No,Yes,Yes,Yes,No,No,No,No,No,No,No,Device Alarms,ST13,THA,0,LRS_THA,LRS6,LRS6.11 ,1 : device overheating alarm is raised,[Al. °C drv],Alarm f(customer context),ALR3.b02,Yes,Yes,No,Yes,Yes,THA,No,No,,,,,,,x,x,,No deactivation,Nera,,,,,,,,,,,,,,,,,,,,,,,,
No,No,No,No,Yes,Yes,No,No,No,No,Yes,Device Alarms,ST13,TJA,1,LRS_TJA,LRS7,LRS7.8,1 : alarm on IGBT thermal state,[IGBT al.],Alarm (Always),ALR3.b03,Yes,Yes,Yes,Yes,Yes,TJA,No,No,,,,,,,,x,,No deactivation,Nera,,,,,,,,,,,,,,,,,,,,,,,,
No,No,Yes,Yes,No,No,No,No,No,No,No,Device Alarms,ST13,TJA,1,LRS_TJA,LRS7,LRS7.8,1:Junction temperature alarm,[IGBT al.],Alarm f(customer context),ALR3.b03,No,Yes,No,Yes,Yes,TJA,No,No,,,,,,,,x,,No deactivation,Nera,,,,,,,,,,,,,,,,,,,,,,,,
Yes,No,No,No,Yes,Yes,No,No,Yes,Yes,Yes,Device Alarms,ST13,FCTA,2,,New,,1: Fan Counter Alarm is raised, ,Alarm (Always),ALR3.b04,Yes,,Yes,NA,Yes,No,No,,,,,,,,,x,,No deactivation,Nera,,,,,,,,,,,,,,,,,,,,,,,,
No,No,Yes,Yes,No,No,No,No,No,No,No,Device Alarms,ST13,FCTA,2,,,,1: Fan Counter Alarm is raised,,Alarm f(customer context),ALR3.b04,No,,No,,Yes,,,,,,,,,,,,,,,,,,,,,,,,,,,,,,,,,,,,,,
Yes,No,No,No,Yes,Yes,No,No,Yes,Yes,No,Device Alarms,ST13,FFDA,3,,,,1: Fan feedback alarm is raised,,Alarm (Always),,Yes,,Yes,,Yes,,,,,,,,,,,,,,,,,,,,,,,,,,,,,,,,,,,,,,
No,No,Yes,Yes,No,No,No,No,No,No,No,Device Alarms,ST13,FFDA,3,,New,,1: Fan feedback alarm is raised, ,Alarm f(customer context),ALR3.b05,Yes,,No,NA,Yes,No,No,,,,,,,,,x,,No deactivation,Nera,,,,,,,,,,,,,,,,,,,,,,,,
No,No,No,No,Yes,No,No,No,Yes,Yes,Yes,Device Alarms,ST13,BOA,4,LRS_BOA,LRS7,LRS7.9,1 : Braking resistor overload alarm is raised (FF156),[Brake R. al.],Alarm f(custumer context),ALR3.b06,Yes,Yes,No,Yes,Yes,No,No,No,,,,,,,,x,,BRO = No,?,,,,,,,,,,,,,,,,,,,,,,,,
Yes,No,No,No,Yes,Yes,No,No,Yes,Yes,Yes,Device Alarms,ST13,EFA,5,LRS_ETF,LRS6,LRS6.7 ,1 : external alarm is raised,[Ext. fault al],Alarm (Always),ALR3.b07,Yes,Yes,Yes,Yes,Yes,No,No,No,,,,,,,x,x,,,Nera,,,,,,,,,,,,,,,,,,,,,,,,
No,Yes,Yes,Yes,No,No,No,No,No,No,No,Device Alarms,ST13,EFA,5,LRS_ETF,LRS6,LRS6.7 ,1 : external alarm is raised,[Ext. fault al],Alarm f(customer context),ALR3.b07,Yes,Yes,No,Yes,Yes,No,No,No,FLT,,Alarm_As_Status,,,,x,x,,,Nera,,,,,,,,,,,,,,,,,,,,,,,,
Yes,Yes,Yes,Yes,Yes,Yes,No,No,Yes,Yes,Yes,Device Alarms,ST13,USA,6,LRS_USA,LRS6,LRS6.8 ,1 : undervoltage alarm is raised,[Under V. al.],Alarm f(customer context),ALR3.b08,Yes,Yes,No,Yes,Yes,USA,No,USA,USA,,Alarm_As_Status,,,,x,,x,No deactivation,Nera,,,,,,,,,,,,,,,,,,,,,,,,
Yes,No,No,No,Yes,Yes,No,No,No,No,Yes,Device Alarms,ST13,UPA,7,LRS_UPA,LRS6,LRS6.9 ,1 : “controlled stop on power loss” threshold id reached,[Uvolt warn],Alarm f(custumer context),ALR3.b09,Yes,Yes,No,Yes,Yes,UPA,No,No,,,,,,,,,x,STP <> MMS,Nera,,,,,,,,,,,,,,,,,,,,,,,,
Yes,No,No,No,Yes,Yes,No,No,No,No,Yes,Device Alarms,ST13,OBR,8,LRS_OBR,LRS5,LRS5.6,1 : Impossible to follow the customer ramp during deceleration,,Status,,No,No,No,No,No,No,No,No,OBR,,,,,,,,x,No deactivation,All,,,,,,,,,,,,,,,,,,,,,,,,
Yes,No,No,No,Yes,Yes,No,No,No,No,No,Device Alarms,ST13,URA,9,LRS_URA,LRS6,LRS6.12 ,1 : Intelligent Rectifier alarm is raised (FF155),,Alarm f(custumer context),ALR5.b07,#N/A,No,No,No,Yes,No,No,No,,#N/A,,,,,,,x,??,?,,,,,,,,,,,,,,,,,,,,,,,,
Yes,No,Yes,Yes,Yes,Yes,No,No,No,No,No,Device Alarms,ST13,ERN,10,LRS_ERN,LRS2,LRS2.10,Emergency,[Emerg. Run],Alarm f(customer context),ALR3.b10,Yes,Yes,No,Yes,Yes,No,No,,,,,,,,,,x,NA,,,,,,,,,,,,,,,,,,,,,,,,,
No,No,No,No,No,No,No,No,Yes,No,No,Device Alarms,ST13,OBA,11,LRS_ERN,LRS2,LRS2.10,1 : Over braking alarm,[Over Braking warn],Alarm f(custumer context),ALR9.b02,Yes,Yes,No,Yes,Yes,No,No,,,,,,,,,,x,NA,,,,,,,,,,,,,,,,,,,,,,,,,
Yes,No,No,No,Yes,Yes,No,No,No,No,Yes,Device Alarms,ST13,INH,12,,New,,Inhibition alarm,,Alarm (Always),ALR9.b03,Yes,NA,Yes,NA,Yes,NA,No,NA,INH,,Alarm_As_Status,,,,,,,,,,,,,,,,,,,,,,,,,,,,,,,,
No,Yes,Yes,Yes,No,No,No,No,No,No,No,Device Alarms,ST13,INH,12,,New,,1: Inhibition alarm,,Alarm f(customer context),ALR9.b03,Yes,NA,No,NA,Yes,NA,No,NA,INH,,Alarm_As_Status,,,,,,,,,,,,,,,,,,,,,,,,,,,,,,,,
No,Yes,Yes,Yes,No,No,No,No,No,No,No,Device Alarms,ST13,RBLA,13,,,,1: Battery level low,,Alarm (Always),ALR6.b10,No,,Yes,,Yes,INH,No,INH,,,,,,,,,,,,,,,,,,,,,,,,,,,,,,,,,,,
No,Yes,Yes,Yes,No,No,No,No,No,No,No,Device Alarms,ST13,RBNA,14,,,,1: Battery not present alarm,,Alarm (Always),ALR6.b11,No,,Yes,,Yes,,No,,,,,,,,,,,,,,,,,,,,,,,,,,,,,,,,,,,,
No,Yes,Yes,Yes,No,No,No,No,No,No,No,Device Alarms,ST13,RTCA,15,,,,1: Rtc alarm,,Alarm (Always),ALR6.b12,No,,Yes,,Yes,,No,,,,,,,,,,,,,,,,,,,,,,,,,,,,,,,,,,,,
Yes,No,No,No,Yes,Yes,No,No,No,No,Yes,Speed,ST14,FTA,0,LRS_FTA,LRS1,LRS1.4,1 : Motor frequency high threshold 1 reached,[Freq. Th. attain.],Alarm f(custumer context),ALR3.b11,Yes,Yes,No,Yes,Yes,FTA,No,FTA,,,,,,,,,x,"FTD, F2D = HSP",All,,,,,,,,,,,,,,,,,,,,,,,,
Yes,No,No,No,Yes,Yes,No,No,No,No,Yes,Speed,ST14,FTAL,1,LRS_FTAL,LRS2,LRS2.2 ,1 : Motor frequency low threshold 1 reached,[Low Frq. Th. Attain.],Alarm f(custumer context),ALR3.b12,Yes,Yes,No,Yes,Yes,FTAL,No,No,,,,,,,,,x,FTDL = 0,Nera,,,,,,,,,,,,,,,,,,,,,,,,
Yes,No,No,No,Yes,No,No,No,No,No,Yes,Speed,ST14,FQLA,2,LRS_FQLA,LRS5,LRS5.8,1: Frequency level reached (frequency meter),[Fr.met. alar.],Alarm f(custumer context),ALR3.b13,Yes,Yes,No,Yes,Yes,FQLA,No,FQLA,,,,,,,,,x,"FTD, F2D = HSP",Nera,,,,,,,,,,,,,,,,,,,,,,,,
Yes,No,No,No,Yes,Yes,No,No,No,No,Yes,Speed,ST14,F2AL,3,LRS_F2AL,LRS2,LRS2.3 ,1 : Motor frequency low threshold 2 reached,[2Low F.Thld],Alarm f(custumer context),ALR3.b14,Yes,Yes,No,Yes,Yes,F2AL,No,No,,,,,,,,,x,F2DL = 0,Nera,,,,,,,,,,,,,,,,,,,,,,,,
Yes,No,No,No,Yes,Yes,No,No,No,No,Yes,Speed,ST14,FLA,4,LRS_FLA,LRS1,LRS1.5,1: “HighSpeedReached” function result,[HSP attain.],Alarm f(custumer context),ALR3.b15,Yes,Yes,No,Yes,Yes,FLA,No,FLA,,,,,,,,,x,No deactivation,All,,,,,,,,,,,,,,,,,,,,,,,,
Yes,No,No,No,Yes,Yes,No,No,No,No,Yes,Speed,ST14,RTAH,5,LRS_RTAH,LRS2,LRS2.0,1 : Reference frequency high threshold reached,[High Reference Att.],Alarm f(custumer context),ALR4.b00,Yes,Yes,No,Yes,Yes,RTAH,No,No,,,,,,,,,x,RTD = 0,Nera,,,,,,,,,,,,,,,,,,,,,,,,
Yes,No,No,No,Yes,Yes,No,No,No,No,Yes,Speed,ST14,RTAL,6,LRS_RTAL,LRS2,LRS2.1,1 : Reference frequency low threshold reached,[Low Reference Att.],Alarm f(custumer context),ALR4.b01,Yes,Yes,No,Yes,Yes,RTAL,No,No,,,,,,,,,x,RTDL = 0,Nera,,,,,,,,,,,,,,,,,,,,,,,,
Yes,No,No,No,Yes,Yes,No,No,No,No,Yes,Speed,ST14,F2A,7,LRS_F2A,LRS1,LRS1.13,1 : Motor frequency high threshold 2 reached,[Freq. Th 2 attain.],Alarm f(custumer context),ALR4.b02,Yes,Yes,No,Yes,Yes,F2A,No,F2A,,,,,,,,,x,FQL = 30 kHz (>=),Nera,,,,,,,,,,,,,,,,,,,,,,,,
,,,,,,,,,,,Speed,ST14,,8 to 13,Free,,,,,,,,,,,,,,,,KO,,,,,,,,,,,,,,,,,,,,,,,,,,,,,,,,,
Yes,No,No,No,No,No,No,No,No,No,No,Speed,ST14,MOTW,14,,New,,1: Motor parameter scaling Warning,,Alarm f(custumer context),ALR9.b09,No,,Yes,,Yes,,No,,,,,,,,,,,,,,,,,,,,,,,,,,,,,,,,,,,,
No,No,Yes,No,No,Yes,No,No,No,No,No,Speed,ST14,INWM,15,,New,,1: Ethernet Internal Warning,,Alarm f(customer context),ALR5.b10,No,Yes,No,,Yes,-,No,,,,,,,,,,,,,,,,,,,,,,,,,,,,,,,,,,,,
Yes,No,No,No,Yes,Yes,No,No,No,No,Yes,CurrentTq,ST15,CTA,0,LRS_CTA,LRS1,LRS1.6,1 : Motor current high threshold  reached,[I attained],Alarm f(custumer context),ALR4.b03,Yes,Yes,No,Yes,Yes,CTA,No,CTA,,,,,,,,,x,CTD = INV,All,,,,,,,,,,,,,,,,,,,,,,,,
Yes,No,No,No,Yes,Yes,No,No,No,No,Yes,CurrentTq,ST15,CTAL,1,LRS_CTAL,LRS2,LRS2.4,1 : Motor current low threshold reached,[Low I Th.At.],Alarm f(custumer context),ALR4.b04,Yes,Yes,No,Yes,Yes,CTAL,No,No,,,,,,,,,x,CTDL = 0 (OK),Nera,,,,,,,,,,,,,,,,,,,,,,,,
Yes,No,No,No,Yes,Yes,No,No,No,No,Yes,CurrentTq,ST15,TTHA,2,LRS_TTHA,LRS2,LRS2.12 ,1 : Motor torque high threshold  reached,[High tq. att.],Alarm f(custumer context),ALR4.b05,Yes,Yes,No,Yes,Yes,TTHA,No,TTHA,,,,,,,,,x,TTH = 300%,Nera,,,,,,,,,,,,,,,,,,,,,,,,
Yes,No,No,No,Yes,Yes,No,No,No,No,Yes,CurrentTq,ST15,TTLA,3,LRS_TTLA,LRS2,LRS2.13 ,1 : Motor torque low threshold reached,[Low tq. att.],Alarm f(custumer context),ALR4.b06,Yes,Yes,No,Yes,Yes,TTLA,No,TTLA,,,,,,,,,x,TTL = -300%,Nera,,,,,,,,,,,,,,,,,,,,,,,,
Yes,Yes,Yes,Yes,Yes,Yes,No,No,No,No,Yes,CurrentTq,ST15,ULA,4,LRS_ULA,LRS2,LRS2.5,1 : Underload is detected,[Pro.Undload],Alarm f(customer context),ALR4.b07,Yes,Yes,No,Yes,Yes,ULA,No,No,,,,,,,x,,x,ULT = 0,Nera,,,,,,,,,,,,,,,,,,,,,,,,
Yes,Yes,Yes,Yes,Yes,Yes,No,No,No,No,Yes,CurrentTq,ST15,OLA,5,LRS_OLA,LRS2,LRS2.6 ,1 : Overload is detected,[Ovld.P.Alrm],Alarm f(customer context),ALR4.b08,Yes,Yes,No,Yes,Yes,OLA,No,No,,,,,,,x,,x,TOL = 0,Nera,,,,,,,,,,,,,,,,,,,,,,,,
Yes,Yes,Yes,Yes,Yes,Yes,No,No,No,No,Yes,CurrentTq,ST15,CLI,6,LRS_CLI,LRS4,LRS4.12,1 : current limitation is running ,,Status,,No,No,No,No,No,No,No,No,CLI,,,,,,,,x,Setting but no deactivation,All,,,,,,,,,,,,,,,,,,,,,,,,
Yes,No,No,No,Yes,No,No,No,No,No,Yes,CurrentTq,ST15,SSA,7,LRS_SSA,LRS6,LRS6.15 ,1 : Timeout on current or torque limitation is reached,[Lim T/I att.],Alarm f(custumer context),ALR4.b09,Yes,Yes,No,Yes,Yes,SSA,No,No,,,,,,,x,x,,No deactivation,?,,,,,,,,,,,,,,,,,,,,,,,,
Yes,No,No,No,Yes,No,No,No,No,No,Yes,CurrentTq,ST15,RTA,8,LRS_RTA,LRS7,LRS7.7,1: Torque regulation alarm,[Trq. ctrl. al.],Alarm (Always),ALR4.b10,Yes,Yes,Yes,Yes,Yes,No,No,No,,,,,,,x,,x,"No deactivation
(Fault or alarm)",,,,,,,,,,,,,,,,,,,,,,,,,
Yes,No,No,No,Yes,Yes,No,No,No,No,Yes,CurrentTq,ST15,POWD,9,,,,1: Output power out of limits,,Alarm f(custumer context),ALR5.b08,Yes,NA,No,NA,Yes,NA,No,No,,,,,,,,,,,,,,,,,,,,,,,,,,,,,,,,,,,
Yes,No,No,No,Yes,Yes,No,No,No,No,Yes,CurrentTq,ST15,PTHA,10,,New,,1: Power high threshold reached,,Alarm f(custumer context),ALR5.b00,Yes,,No,Not Applicable,Yes,No,No,,,,,,,,,x,,,,,,,,,,,,,,,,,,,,,,,,,,,
Yes,No,No,No,Yes,Yes,No,No,No,No,Yes,CurrentTq,ST15,PTHL,11,,New,,1: Power Low threshold reached,,Alarm f(custumer context),ALR5.b01,Yes,,No,Not Applicable,Yes,No,No,,,,,,,,,x,,,,,,,,,,,,,,,,,,,,,,,,,,,
Yes,No,No,No,Yes,No,No,No,No,No,Yes,CurrentTq,ST15,ANA,12,LRS_ANA,LRS6,LRS6.10,1: Anti veering alarm,,Alarm (Always),ALR6.b02,Yes,Yes,Yes,Yes,Yes,No,No,Yes,,,,,,,,,x,CTDL = 0 (OK),Nera,,,,,,,,,,,,,,,,,,,,,,,,
No,No,No,No,No,No,No,No,No,No,Yes,CurrentTq,ST15,TLOW,13,,,,1: Current reduction is active due to Drive I2t,,Alarm (Always),ALR6.b08,No,,Yes,,Yes,,No,,,,,,,,,,,,,,,,,,,,,,,,,,,,,,,,,,,,
Yes,No,No,No,Yes,Yes,No,No,No,No,Yes,CurrentTq,ST15,TLI,14,,,,1 : torque limitation is running ,,,,,,,No,No,No,,No,TLI,,Alarm_As_Status,,,,,,,,,,,,,,,,,,,,,,,,,,,,,,,,
Yes,No,No,No,Yes,Yes,No,No,No,No,Yes,CurrentTq,ST15,PLI,15,,,,1 : power limitation is running ,,,,,,,No,No,No,,No,PLI,,Alarm_As_Status,,,,,,,,,,,,,,,,,,,,,,,,,,,,,,,,
Yes,Yes,Yes,Yes,Yes,Yes,Yes,Yes,Yes,Yes,Yes,Thermal,ST16,TAD,1,LRS_TAD,LRS1,LRS1.14,1 :“DeviceThermalThresholdReached” function result,[Th. drv. att.],Alarm f(customer context),ALR4.b11,Yes,Yes,No,Yes,Yes,TAD,No,No,,,,,,,,,x,THA = 100%,Nera,,,,,,,,,,,,,,,,,,,,,,,,
Yes,No,No,No,Yes,Yes,No,No,No,No,Yes,Thermal,ST16,TSA,2,LRS_TSA,LRS1,LRS1.8,1: “MotorThermalThresholdReached” function result (motor 1),[Th.mot. att.],Alarm f(custumer context),ALR4.b12,Yes,Yes,No,Yes,Yes,TSA,No,TSA,,,,,,,,,x,TTD = 100%,All,,,,,,,,,,,,,,,,,,,,,,,,
Yes,No,No,No,Yes,No,No,No,No,No,Yes,Thermal,ST16,TS2,3,LRS_TS2,LRS3,LRS3.5,1: “MotorThermalThresholdReached” function result (motor 2),[Th.mot2 att],Alarm f(custumer context),ALR4.b13,Yes,Yes,No,Yes,Yes,TS2,No,No,,,,,,,,,x,TTD = 100%,,,,,,,,,,,,,,,,,,,,,,,,,
Yes,No,No,No,Yes,No,No,No,No,No,Yes,Thermal,ST16,TS3,4,LRS_TS3,LRS3,LRS3.6,1: “MotorThermalThresholdReached” function result (motor 3),[Th.mot3 att],Alarm f(custumer context),ALR4.b14,Yes,Yes,No,Yes,Yes,TS3,No,No,,,,,,,,,x,TTD = 100%,,,,,,,,,,,,,,,,,,,,,,,,,
Yes,No,No,No,Yes,No,No,No,No,No,Yes,Thermal,ST16,TS4,5,LRS_TS4,LRS3,LRS3.7,1: “MotorThermalThresholdReached” function result (motor 4),,Alarm f(custumer context),ALR4.b15,Yes,,No,Yes,Yes,No,No,No,,,,,,,,,x,TTD = 100%,,,,,,,,,,,,,,,,,,,,,,,,,
No,No,No,No,No,No,No,No,No,No,No,Thermal,ST16,RADA,6,,New,,"1: ""Rotation Angle Detection""",,Alarm (Always),ALR6.b03,Yes,,Yes,,Yes,,No,,,,,,,,,,,,,,,,,,,,,,,,,,,,,,,,,,,,
,,,,,,,,,,,Thermal,ST16,,7 to 15,Free,,,,,,,,,,,,,,,,KO,,,,,,,,,,,,,,,,,,,,,,,,,,,,,,,,,
Yes,No,No,No,Yes,Yes,Yes,Yes,Yes,Yes,Yes,Customer Alarms,ST17,CAS1,0,,New,,Customer Alarm 1 active,,Alarm (Always),ALR5.b02,Yes,,Yes,NA,Yes,No,No,,,,,,,,,x,,,,,,,,,,,,,,,,,,,,,,,,,,,
Yes,No,No,No,Yes,Yes,Yes,Yes,Yes,Yes,Yes,Customer Alarms,ST17,CAS2,1,,New,,Customer Alarm 2 active,,Alarm (Always),ALR5.b03,Yes,,Yes,NA,Yes,No,No,,,,,,,,,x,,,,,,,,,,,,,,,,,,,,,,,,,,,
Yes,No,No,No,Yes,Yes,Yes,Yes,Yes,Yes,Yes,Customer Alarms,ST17,CAS3,2,,New,,Customer Alarm 3 active,,Alarm (Always),ALR5.b04,Yes,,Yes,NA,Yes,No,No,,,,,,,,,x,,,,,,,,,,,,,,,,,,,,,,,,,,,
Yes,No,No,No,Yes,Yes,Yes,Yes,Yes,Yes,Yes,Customer Alarms,ST17,CAS4,3,,New,,Customer Alarm 4 active,,Alarm (Always),ALR5.b05,Yes,,Yes,NA,Yes,No,No,,,,,,,,,x,,,,,,,,,,,,,,,,,,,,,,,,,,,
Yes,No,No,No,Yes,Yes,Yes,Yes,Yes,Yes,Yes,Customer Alarms,ST17,CAS5,4,,New,,Customer Alarm 5 active,,Alarm (Always),ALR5.b06,Yes,,Yes,NA,Yes,No,No,,,,,,,,,x,,,,,,,,,,,,,,,,,,,,,,,,,,,
No,Yes,Yes,Yes,No,No,No,No,No,No,No,Customer Alarms,ST17,SLLA,5,,,,1: Modbus communication interruption error when ignored,,Alarm f(customer context),ALR6.b14,No,,No,,Yes,,No,,,,,,,,,,,,,,,,,,,,,,,,,,,,,,,,,,,,
No,Yes,Yes,No,No,No,No,No,No,No,No,Customer Alarms,ST17,CLLA,6,,,,1: Fieldbus communication error when ignored,,Alarm f(customer context),ALR6.b15,No,,No,,Yes,,No,,,,,,,,,,,,,,,,,,,,,,,,,,,,,,,,,,,,
No,Yes,Yes,No,No,No,No,No,No,No,No,Customer Alarms,ST17,COLA,7,,,,1: CANOpen communication loss error when ignored,,Alarm f(customer context),ALR7.b14,No,,No,,Yes,,No,,,,,,,,,,,,,,,,,,,,,,,,,,,,,,,,,,,,
,,,,,,,,,,,Customer Alarms,ST17,,10 to 13,Free,,,,,,,,,,,,,,,,,,,,,,,,,,,,,,,,,,,,,,,,,,,,,,,,,
No,No,No,No,No,No,No,No,No,No,No,Customer Alarms,ST17,DRAP,14,,New,,1: Device replacement Activated but not Plugged,,Alarm (Always),ALR5.b11,No,,Yes,,Yes,,No,,,,,,,,,,,,,,,,,,,,,,,,,,,,,,,,,,,,
No,No,No,No,No,No,No,No,No,No,No,Customer Alarms,ST17,DRTF,15,,New,,1: Device Replacement Transfert Failure,,Alarm (Always),ALR5.b12,No,,Yes,,Yes,,No,,,,,,,,,,,,,,,,,,,,,,,,,,,,,,,,,,,,
No,No,No,No,Yes,Yes,Yes,No,No,Yes,No,Brick,ST18,FCBA,0,,,,1: AFE Fan running time,,Alarm (Always),ALR8.b08,No,,Yes,,Yes,,No,,,,,,,,,,,,,,,,,,,,,,,,,,,,,,,,,,,,
No,No,No,No,Yes,Yes,Yes,No,No,Yes,No,Brick,ST18,FFBA,1,,,,1: AFE Fan frequency,,Alarm (Always),ALR8.b09,No,,Yes,,Yes,,No,,,,,,,,,,,,,,,,,,,,,,,,,,,,,,,,,,,,
No,No,No,No,Yes,Yes,Yes,No,No,Yes,No,Brick,ST18,CLIM,2,,,,1: AFE current or power limitation is running in motor mode,,Alarm (Always),ALR8.b00,No,,Yes,,Yes,,No,,,,,,,,,,,,,,,,,,,,,,,,,,,,,,,,,,,,
No,No,No,No,Yes,Yes,Yes,No,No,Yes,No,Brick,ST18,CLIG,3,,,,1: AFE current or power limitation is running in generator mode,,Alarm (Always),ALR8.b01,No,,Yes,,Yes,,No,,,,,,,,,,,,,,,,,,,,,,,,,,,,,,,,,,,,
No,No,No,No,Yes,Yes,Yes,No,Yes,Yes,No,Brick,ST18,THSA,4,,,,1: AFE Sensor thermal state,,Alarm (Always),ALR8.b02,No,,Yes,,Yes,,No,,,,,,,,,,,,,,,,,,,,,,,,,,,,,,,,,,,,
No,No,No,No,Yes,Yes,Yes,No,No,Yes,No,Brick,ST18,THJA,5,,,,1: AFE IGBT thermal state,,Alarm (Always),ALR8.b03,No,,Yes,,Yes,,No,,,,,,,,,,,,,,,,,,,,,,,,,,,,,,,,,,,,
No,No,No,No,Yes,Yes,No,No,Yes,Yes,No,Brick,ST18,FFCA,6,,,,1: Cabinet fan Alarm state,,Alarm (Always),ALR8.b04,No,,Yes,,Yes,,No,,,,,,,,,,,,,,,,,,,,,,,,,,,,,,,,,,,,
No,No,No,No,Yes,Yes,No,No,Yes,Yes,No,Brick,ST18,FCCA,7,,,,1: Cabinet fan Alarm running time,,Alarm (Always),ALR8.b05,No,,Yes,,Yes,,No,,,,,,,,,,,,,,,,,,,,,,,,,,,,,,,,,,,,
Yes,No,No,No,Yes,Yes,No,No,Yes,Yes,No,Brick,ST18,CHA,8,,,,1: Cabinet over-heating  Alarm,,Alarm (Always),ALR8.b06,No,,Yes,,Yes,,No,,,,,,,,,,,,,,,,,,,,,,,,,,,,,,,,,,,,
No,No,No,No,Yes,Yes,No,Yes,Yes,Yes,No,Brick,ST18,CMIJ,9,,,,1: CMI Jumper is closed,,Alarm (Always),ALR8.b07,No,,Yes,,Yes,,No,,,,,,,,,,,,,,,,,,,,,,,,,,,,,,,,,,,,
No,No,No,No,Yes,No,No,Yes,Yes,Yes,No,Brick,ST18,FCBB,10,,,,1: BU Fan running time,,Alarm (Always),ALR8.b14,No,,Yes,,Yes,,No,,,,,,,,,,,,,,,,,,,,,,,,,,,,,,,,,,,,
No,No,No,No,Yes,No,No,Yes,Yes,Yes,No,Brick,ST18,FFBB,11,,,,1: BU Fan frequency,,Alarm (Always),ALR8.b15,No,,Yes,,Yes,,No,,,,,,,,,,,,,,,,,,,,,,,,,,,,,,,,,,,,
No,No,No,No,Yes,No,No,Yes,Yes,Yes,No,Brick,ST18,THWB,12,,,,1: BU Sensor thermal state,,Alarm (Always),ALR9.b00,No,,Yes,,Yes,,No,,,,,,,,,,,,,,,,,,,,,,,,,,,,,,,,,,,,
No,No,No,No,Yes,Yes,No,No,No,No,No,Brick,ST18,COPA,13,,,,1: Cooling pump alarm,,Alarm (Always),ALR9.b11,No,,Yes,,Yes,,No,,,,,,,,,,,,,,,,,,,,,,,,,,,,,,,,,,,,
No,No,No,No,Yes,Yes,No,No,No,No,No,Brick,ST18,MOA,14,,,,1: Module overheat alarm,,Alarm (Always),ALR9.b13,No,,Yes,,Yes,,No,,,,,,,,,,,,,,,,,,,,,,,,,,,,,,,,,,,,
No,No,No,No,Yes,Yes,No,No,No,No,No,Brick,ST18,LKON,15,,,,1: On-Lock alarm,,Alarm f(customer context),,,,,,,,,,,KO,,,,,,,,,,,,,,,,,,,,,,,,,,,,,,,,,
Yes,No,No,No,Yes,Yes,No,No,Yes,Yes,No,Cabinet IO,ST19,IWA,0,,,,1: Digital warning A (Cabinet IO),,Alarm (Always),ALR7.b00,No,,Yes,,Yes,,No,,,,,,,,,,,,,,,,,,,,,,,,,,,,,,,,,,,,
Yes,No,No,No,Yes,Yes,No,No,Yes,Yes,No,Cabinet IO,ST19,IWB,1,,,,1: Digital warning B (Cabinet IO),,Alarm (Always),ALR7.b01,No,,Yes,,Yes,,No,,,,,,,,,,,,,,,,,,,,,,,,,,,,,,,,,,,,
Yes,No,No,No,Yes,Yes,No,No,Yes,Yes,No,Cabinet IO,ST19,IWC,2,,,,1: Digital warning C (Cabinet IO),,Alarm (Always),ALR7.b02,No,,Yes,,Yes,,No,,,,,,,,,,,,,,,,,,,,,,,,,,,,,,,,,,,,
Yes,No,No,No,Yes,Yes,No,No,Yes,Yes,No,Cabinet IO,ST19,IWD,3,,,,1: Digital warning D (Cabinet IO),,Alarm (Always),ALR7.b03,No,,Yes,,Yes,,No,,,,,,,,,,,,,,,,,,,,,,,,,,,,,,,,,,,,
Yes,No,No,No,Yes,Yes,No,No,Yes,Yes,No,Cabinet IO,ST19,CWA,4,,,,1: Cabinet warning A (Cabinet IO),,Alarm (Always),ALR7.b04,No,,Yes,,Yes,,No,,,,,,,,,,,,,,,,,,,,,,,,,,,,,,,,,,,,
Yes,No,No,No,Yes,Yes,No,No,Yes,Yes,No,Cabinet IO,ST19,CWB,5,,,,1: Cabinet warning B (Cabinet IO),,Alarm (Always),ALR7.b05,No,,Yes,,Yes,,No,,,,,,,,,,,,,,,,,,,,,,,,,,,,,,,,,,,,
Yes,No,No,No,Yes,Yes,No,No,Yes,Yes,No,Cabinet IO,ST19,CWC,6,,,,1: Cabinet warning C (Cabinet IO),,Alarm (Always),ALR7.b06,No,,Yes,,Yes,,No,,,,,,,,,,,,,,,,,,,,,,,,,,,,,,,,,,,,
Yes,No,No,No,Yes,Yes,No,No,Yes,Yes,No,Cabinet IO,ST19,TWA,7,,,,1: Thermal input warning A (Cabinet IO),,Alarm (Always),ALR7.b07,No,,Yes,,Yes,,No,,,,,,,,,,,,,,,,,,,,,,,,,,,,,,,,,,,,
Yes,No,No,No,Yes,Yes,No,No,Yes,Yes,No,Cabinet IO,ST19,TWB,8,,,,1: Thermal input warning B (Cabinet IO),,Alarm (Always),ALR7.b08,No,,Yes,,Yes,,No,,,,,,,,,,,,,,,,,,,,,,,,,,,,,,,,,,,,
Yes,No,No,No,Yes,Yes,No,No,Yes,Yes,No,Cabinet IO,ST19,TWC,9,,,,1: Thermal input warning C (Cabinet IO),,Alarm (Always),ALR7.b09,No,,Yes,,Yes,,No,,,,,,,,,,,,,,,,,,,,,,,,,,,,,,,,,,,,
Yes,No,No,No,Yes,Yes,No,No,Yes,Yes,No,Cabinet IO,ST19,TWD,10,,,,1: Thermal input warning D (Cabinet IO),,Alarm (Always),ALR7.b10,No,,Yes,,Yes,,No,,,,,,,,,,,,,,,,,,,,,,,,,,,,,,,,,,,,
Yes,No,No,No,Yes,Yes,No,No,Yes,Yes,No,Cabinet IO,ST19,CBW,11,,,,1: Circuit breaker error state (not in accordance to the start and stop pulse)  (Cabinet IO),,Alarm (Always),ALR7.b11,No,,Yes,,Yes,,No,,,,,,,,,,,,,,,,,,,,,,,,,,,,,,,,,,,,
No,No,No,No,No,No,No,No,No,No,No,Cabinet IO,ST19,P24C,12,,,,1: Over-braking Light overvoltage warning,,Alarm f(custumer context),ALR7.b12,No,,No,,Yes,,No,,,,,,,,,,,,,,,,,,,,,,,,,,,,,,,,,,,,
,,,,,,,,,,,Cabinet IO,ST19,,13 to 15,Free,,,,,,,,,,,,,,,,KO,,,,,,,,,,,,,,,,,,,,,,,,,,,,,,,,,
,,,,,,,,,,,,ST20,,0,Free,,,,,,,,,,,,,,,,KO,,,,,,,,,,,,,,,,,,,,,,,,,,,,,,,,,
Yes,No,No,No,Yes,No,No,No,No,No,Yes,Application,ST20,MSDA,1,,New,,1: Master Slave device loss alarm,,Alarm (Always),ALR8.b11,Yes,Yes,Yes,,Yes,,No,,,,,,,,,x,,,,,,,,,,,,,,,,,,,,,,,,,,,
No,No,No,No,No,Yes,No,No,No,No,No,Application,ST20,MPDA,1,,New,,1: Multi-pump device lost alarm,,Alarm (Always),ALR8.b10,Yes,Yes,Yes,,Yes,,No,,,,,,,,,,,,,,,,,,,,,,,,,,,,,,,,,,,,
Yes,No,No,No,Yes,No,No,No,No,No,Yes,Application,ST20,BSQA,2,,New,,1: Backlash sequence alarm,,Alarm (Always),ALR8.b12,No,Yes,Yes,,Yes,,No,,,,,,,,,x,,,,,,,,,,,,,,,,,,,,,,,,,,,
Yes,No,No,No,Yes,No,No,No,No,No,No,Application,ST20,MDW,3,,New,,1: MultiDrive : Communication link between SU AFE and drive loss (PWM disable) ,,Alarm (Always),ALR9.b01,No,Yes,Yes,,Yes,,No,,,,,,,,,x,,,,,,,,,,,,,,,,,,,,,,,,,,,
No,No,No,No,Yes,No,No,No,No,No,Yes,Application,ST20,SCTP,4,,New,,1: Safety configuration test in progress,,Status,,,,,,,,,,SCTP,,,,,,,,,,,,,,,,,,,,,,,,,,,,,,,,,,
,,,,,,,,,,,Application,ST20,,5 to 7,Free,,,,,,,,,,,,,,,,KO,,,,,,,,,,,,,,,,,,,,,,,,,,,,,,,,,
Yes,No,No,No,No,No,No,No,No,No,No,Application,ST20,OBW,8,,,,1: Power Cells Over-braking Light overvoltage warning,,Alarm (Always),ALR9.b03,Yes,,Yes,,Yes,,No,,,,,,,,,,,,,,,,,,,,,,,,,,,,,,,,,,,,
Yes,No,No,No,No,No,No,No,No,No,No,Application,ST20,IGW,9,,,,1: Mains input ground voltage warning,,Alarm (Always),ALR9.b10,Yes,,Yes,,Yes,,No,,,,,,,,,,,,,,,,,,,,,,,,,,,,,,,,,,,,
Yes,No,No,No,No,No,No,No,No,No,No,Application,ST20,OGW,10,,,,1: Motor output ground voltage warning,,Alarm (Always),ALR9.b11,Yes,,Yes,,Yes,,No,,,,,,,,,,,,,,,,,,,,,,,,,,,,,,,,,,,,
Yes,No,No,No,No,No,No,No,No,No,No,Application,ST20,POE,11,,,,1: POE function activated,,Status,,Yes,,No,,No,,,,,,,,,,,,,,,,,,,,,,,,,,,,,,,,,,,,,,
Yes,No,No,No,No,No,No,No,No,No,No,Application,ST20,BYW1,12,,,,1: Bypass Poc Warning 1,,Alarm (Always),ALRC.b12,No,,Yes,,Yes,,No,,,,,,,,,,,,,,,,,,,,,,,,,,,,,,,,,,,,
Yes,No,No,No,No,No,No,No,No,No,No,Application,ST20,BYW2,13,,,,1: Bypass Poc Warning 2,,Alarm (Always),ALRC.b13,No,,Yes,,Yes,,No,,,,,,,,,,,,,,,,,,,,,,,,,,,,,,,,,,,,
,,,,,,,,,,,Application,ST20,,14 to 15,Free,,,,,,,,,,,,,,,,KO,,,,,,,,,,,,,,,,,,,,,,,,,,,,,,,,,
No,No,No,No,No,No,No,No,No,No,No,Medium Voltage,ST21,XXX,0,,,,1: Transformer 1 thermal warning,,Alarm f(customer context),,Yes,,Yes,,Yes,,,,,,,,,,,,,,,,,,,,,,,,,,,,,,,,,,,,,,
No,No,No,No,No,No,No,No,No,No,No,Medium Voltage,ST21,XXX,1,,,,1: Transformer 1 thermal warning,,Alarm f(customer context),,Yes,,Yes,,Yes,,,,,,,,,,,,,,,,,,,,,,,,,,,,,,,,,,,,,,
,,,,,,,,,,,Medium Voltage,ST21,,2 to 15,Free,,,,,,,,,,,,,,,,,,,,,,,,,,,,,,,,,,,,,,,,,,,,,,,,,
,,,,,,,,,,,,,,,,,,,,,,,,,,,,,,,,,,,,,,,,,,,,,,,,,,,,,,,,,,,,,,,,
Yes,No,No,No,No,No,No,No,No,No,No,Medium Voltage,ST22,CW01,0,,,,1: PLC Cabinet Warning 1: RTC Battery Warning,,Alarm (Always),ALR9.b12,No,,Yes,,Yes,,,,,,,,,,,,,,,,,,,,,,,,,,,,,,,,,,,,,,
Yes,No,No,No,No,No,No,No,No,No,No,Medium Voltage,ST22,CW02,1,,,,1: PLC Cabinet Warning 2: Cooling Fans not Ready,,Alarm (Always),ALR9.b13,No,,Yes,,Yes,,,,,,,,,,,,,,,,,,,,,,,,,,,,,,,,,,,,,,
Yes,No,No,No,No,No,No,No,No,No,No,Medium Voltage,ST22,CW03,2,,,,1: PLC Cabinet Warning 3: Cabinet overheat,,Alarm (Always),ALR9.b14,No,,Yes,,Yes,,,,,,,,,,,,,,,,,,,,,,,,,,,,,,,,,,,,,,
Yes,No,No,No,No,No,No,No,No,No,No,Medium Voltage,ST22,CW04,3,,,,1: PLC Cabinet Warning 4: MVCB Status not OK,,Alarm (Always),ALR9.b15,No,,Yes,,Yes,,,,,,,,,,,,,,,,,,,,,,,,,,,,,,,,,,,,,,
Yes,No,No,No,No,No,No,No,No,No,No,Medium Voltage,ST22,CW05,4,,,,1: PLC Cabinet Warning 5: Cooling Fan power supply,,Alarm (Always),ALRA.b00,No,,Yes,,Yes,,,,,,,,,,,,,,,,,,,,,,,,,,,,,,,,,,,,,,
Yes,No,No,No,No,No,No,No,No,No,No,Medium Voltage,ST22,CW06,5,,,,1: PLC Cabinet Warning 6: Auxiliary power supply,,Alarm (Always),ALRA.b01,No,,Yes,,Yes,,,,,,,,,,,,,,,,,,,,,,,,,,,,,,,,,,,,,,
Yes,No,No,No,No,No,No,No,No,No,No,Medium Voltage,ST22,CW07,6,,,,1: PLC Cabinet Warning 7: LV Surge arrestor warning,,Alarm (Always),ALRA.b02,No,,Yes,,Yes,,,,,,,,,,,,,,,,,,,,,,,,,,,,,,,,,,,,,,
Yes,No,No,No,No,No,No,No,No,No,No,Medium Voltage,ST22,CW08,7,,,,1: PLC Cabinet Warning 8: Fan redundant cooling degraded,,Alarm (Always),ALRA.b03,No,,Yes,,Yes,,,,,,,,,,,,,,,,,,,,,,,,,,,,,,,,,,,,,,
Yes,No,No,No,No,No,No,No,No,No,No,Medium Voltage,ST22,CW09,8,,,,1: PLC Cabinet Warning 9: Shutter incoherent state,,Alarm (Always),ALRA.b04,No,,Yes,,Yes,,,,,,,,,,,,,,,,,,,,,,,,,,,,,,,,,,,,,,
Yes,No,No,No,No,No,No,No,No,No,No,Medium Voltage,ST22,CW10,9,,,,1: PLC Cabinet Warning 10 (reserved),,Alarm (Always),ALRA.b05,No,,Yes,,Yes,,,,,,,,,,,,,,,,,,,,,,,,,,,,,,,,,,,,,,
Yes,No,No,No,No,No,No,No,No,No,No,Medium Voltage,ST22,CW11,10,,,,1: PLC Cabinet Warning 11: QF2 feedback,,Alarm (Always),ALRA.b06,No,,Yes,,Yes,,,,,,,,,,,,,,,,,,,,,,,,,,,,,,,,,,,,,,
Yes,No,No,No,No,No,No,No,No,No,No,Medium Voltage,ST22,CW12,11,,,,1: PLC Cabinet Warning 12: QF3 feedback,,Alarm (Always),ALRA.b07,No,,Yes,,Yes,,,,,,,,,,,,,,,,,,,,,,,,,,,,,,,,,,,,,,
Yes,No,No,No,No,No,No,No,No,No,No,Medium Voltage,ST22,CW13,12,,,,1: PLC Cabinet Warning 13: QF91 feedback,,Alarm (Always),ALRA.b08,No,,Yes,,Yes,,,,,,,,,,,,,,,,,,,,,,,,,,,,,,,,,,,,,,
Yes,No,No,No,No,No,No,No,No,No,No,Medium Voltage,ST22,CW14,13,,,,1: PLC Cabinet Warning 14: QF11 feedback,,Alarm (Always),ALRA.b09,No,,Yes,,Yes,,,,,,,,,,,,,,,,,,,,,,,,,,,,,,,,,,,,,,
Yes,No,No,No,No,No,No,No,No,No,No,Medium Voltage,ST22,CW15,14,,,,1: PLC Cabinet Warning 15 : Bypass cabinet switch sequence,,Alarm (Always),ALRA.b10,No,,Yes,,Yes,,,,,,,,,,,,,,,,,,,,,,,,,,,,,,,,,,,,,,
Yes,No,No,No,No,No,No,No,No,No,No,Medium Voltage,ST22,CW16,15,,,,1: PLC Cabinet Warning 16 (reserved),,Alarm (Always),ALRA.b11,No,,Yes,,Yes,,,,,,,,,,,,,,,,,,,,,,,,,,,,,,,,,,,,,,
,,,,,,,,,,,,,,,,,,,,,,,,,,,,,,,,,,,,,,,,,,,,,,,,,,,,,,,,,,,,,,,,
Yes,No,No,No,No,No,No,No,No,No,No,Medium Voltage,ST23,CW17,0,,,,1: PLC Cabinet Warning 17: Motor thermal winding 1warning,,Alarm (Always),ALRA.b12,No,,Yes,,Yes,,,,,,,,,,,,,,,,,,,,,,,,,,,,,,,,,,,,,,
Yes,No,No,No,No,No,No,No,No,No,No,Medium Voltage,ST23,CW18,1,,,,1: PLC Cabinet Warning 18: Motor thermal winding 2 warning,,Alarm (Always),ALRA.b13,No,,Yes,,Yes,,,,,,,,,,,,,,,,,,,,,,,,,,,,,,,,,,,,,,
Yes,No,No,No,No,No,No,No,No,No,No,Medium Voltage,ST23,CW19,2,,,,1: PLC Cabinet Warning 19: Motor thermal bearing 1 warning,,Alarm (Always),ALRA.b14,No,,Yes,,Yes,,,,,,,,,,,,,,,,,,,,,,,,,,,,,,,,,,,,,,
Yes,No,No,No,No,No,No,No,No,No,No,Medium Voltage,ST23,CW20,3,,,,1: PLC Cabinet Warning 20: Motor thermal bearing 2 warning,,Alarm (Always),ALRA.b15,No,,Yes,,Yes,,,,,,,,,,,,,,,,,,,,,,,,,,,,,,,,,,,,,,
Yes,No,No,No,No,No,No,No,No,No,No,Medium Voltage,ST23,CW21,4,,,,1: PLC Cabinet Warning 21: Transformer 1 thermal warning,,Alarm (Always),ALRB.b00,No,,Yes,,Yes,,,,,,,,,,,,,,,,,,,,,,,,,,,,,,,,,,,,,,
Yes,No,No,No,No,No,No,No,No,No,No,Medium Voltage,ST23,CW22,5,,,,1: PLC Cabinet Warning 22: Transformer 2 thermal warning,,Alarm (Always),ALRB.b01,No,,Yes,,Yes,,,,,,,,,,,,,,,,,,,,,,,,,,,,,,,,,,,,,,
Yes,No,No,No,No,No,No,No,No,No,No,Medium Voltage,ST23,CW23,6,,,,1: PLC Cabinet Warning 23: Drive bypass choke warning (reserved),,Alarm (Always),ALRB.b02,No,,Yes,,Yes,,,,,,,,,,,,,,,,,,,,,,,,,,,,,,,,,,,,,,
Yes,No,No,No,No,No,No,No,No,No,No,Medium Voltage,ST23,CW24,7,,,,1: PLC Cabinet Warning 24: MVCB switch on cycling warning,,Alarm (Always),ALRB.b03,No,,Yes,,Yes,,,,,,,,,,,,,,,,,,,,,,,,,,,,,,,,,,,,,,
Yes,No,No,No,No,No,No,No,No,No,No,Medium Voltage,ST23,CW25,8,,,,1: PLC Cabinet Warning 25 (reserved),,Alarm (Always),ALRB.b04,No,,Yes,,Yes,,,,,,,,,,,,,,,,,,,,,,,,,,,,,,,,,,,,,,
Yes,No,No,No,No,No,No,No,No,No,No,Medium Voltage,ST23,CW26,9,,,,1: PLC Cabinet Warning 26 (reserved),,Alarm (Always),ALRB.b05,No,,Yes,,Yes,,,,,,,,,,,,,,,,,,,,,,,,,,,,,,,,,,,,,,
Yes,No,No,No,No,No,No,No,No,No,No,Medium Voltage,ST23,CW27,10,,,,1: PLC Cabinet Warning 27 (reserved),,Alarm (Always),ALRB.b06,No,,Yes,,Yes,,,,,,,,,,,,,,,,,,,,,,,,,,,,,,,,,,,,,,
Yes,No,No,No,No,No,No,No,No,No,No,Medium Voltage,ST23,CW28,11,,,,1: PLC Cabinet Warning 28 (reserved),,Alarm (Always),ALRB.b07,No,,Yes,,Yes,,,,,,,,,,,,,,,,,,,,,,,,,,,,,,,,,,,,,,
Yes,No,No,No,No,No,No,No,No,No,No,Medium Voltage,ST23,CW29,12,,,,1: PLC Cabinet Warning 29 (reserved),,Alarm (Always),ALRB.b08,No,,Yes,,Yes,,,,,,,,,,,,,,,,,,,,,,,,,,,,,,,,,,,,,,
Yes,No,No,No,No,No,No,No,No,No,No,Medium Voltage,ST23,CW30,13,,,,1: PLC Cabinet Warning 30 (reserved),,Alarm (Always),ALRB.b09,No,,Yes,,Yes,,,,,,,,,,,,,,,,,,,,,,,,,,,,,,,,,,,,,,
Yes,No,No,No,No,No,No,No,No,No,No,Medium Voltage,ST23,CW31,14,,,,1: PLC Cabinet Warning 31 (reserved),,Alarm (Always),ALRB. b10,No,,Yes,,Yes,,,,,,,,,,,,,,,,,,,,,,,,,,,,,,,,,,,,,,
Yes,No,No,No,No,No,No,No,No,No,No,Medium Voltage,ST23,CW32,15,,,,1: PLC Cabinet Warning 32 (reserved),,Alarm (Always),ALRB.b11,No,,Yes,,Yes,,,,,,,,,,,,,,,,,,,,,,,,,,,,,,,,,,,,,,
,,,,,,,,,,,,,,,,,,,,,,,,,,,,,,,,,,,,,,,,,,,,,,,,,,,,,,,,,,,,,,,,
Yes,No,No,No,No,No,No,No,No,No,No,Medium Voltage,ST24,AW01,0,,,,1: PLC Application ETO Warning 1,,Alarm (Always),ALRB.b12,No,,Yes,,Yes,,,,,,,,,,,,,,,,,,,,,,,,,,,,,,,,,,,,,,
Yes,No,No,No,No,No,No,No,No,No,No,Medium Voltage,ST24,AW02,1,,,,1: PLC Application ETO Warning 2,,Alarm (Always),ALRB.b13,No,,Yes,,Yes,,,,,,,,,,,,,,,,,,,,,,,,,,,,,,,,,,,,,,
Yes,No,No,No,No,No,No,No,No,No,No,Medium Voltage,ST24,AW03,2,,,,1: PLC Application ETO Warning 3,,Alarm (Always),ALRB.b14,No,,Yes,,Yes,,,,,,,,,,,,,,,,,,,,,,,,,,,,,,,,,,,,,,
Yes,No,No,No,No,No,No,No,No,No,No,Medium Voltage,ST24,AW04,3,,,,1: PLC Application ETO Warning 4,,Alarm (Always),ALRB.b15,No,,Yes,,Yes,,,,,,,,,,,,,,,,,,,,,,,,,,,,,,,,,,,,,,
Yes,No,No,No,No,No,No,No,No,No,No,Medium Voltage,ST24,AW05,4,,,,1: PLC Application ETO Warning 5,,Alarm (Always),ALRC.b00,No,,Yes,,Yes,,,,,,,,,,,,,,,,,,,,,,,,,,,,,,,,,,,,,,
Yes,No,No,No,No,No,No,No,No,No,No,Medium Voltage,ST24,AW06,5,,,,1: PLC Application ETO Warning 6,,Alarm (Always),ALRC.b01,No,,Yes,,Yes,,,,,,,,,,,,,,,,,,,,,,,,,,,,,,,,,,,,,,
Yes,No,No,No,No,No,No,No,No,No,No,Medium Voltage,ST24,AW07,6,,,,1: PLC Application ETO Warning 7,,Alarm (Always),ALRC.b02,No,,Yes,,Yes,,,,,,,,,,,,,,,,,,,,,,,,,,,,,,,,,,,,,,
Yes,No,No,No,No,No,No,No,No,No,No,Medium Voltage,ST24,AW08,7,,,,1: PLC Application ETO Warning 8,,Alarm (Always),ALRC.b03,No,,Yes,,Yes,,,,,,,,,,,,,,,,,,,,,,,,,,,,,,,,,,,,,,
Yes,No,No,No,No,No,No,No,No,No,No,Medium Voltage,ST24,AW09,8,,,,1: PLC Application ETO Warning 9,,Alarm (Always),ALRC.b04,No,,Yes,,Yes,,,,,,,,,,,,,,,,,,,,,,,,,,,,,,,,,,,,,,
Yes,No,No,No,No,No,No,No,No,No,No,Medium Voltage,ST24,AW10,9,,,,1: PLC Application ETO Warning 10,,Alarm (Always),ALRC. B05,No,,Yes,,Yes,,,,,,,,,,,,,,,,,,,,,,,,,,,,,,,,,,,,,,
Yes,No,No,No,No,No,No,No,No,No,No,Medium Voltage,ST24,AW11,10,,,,1: PLC Application ETO Warning 11,,Alarm (Always),ALRC.b06,No,,Yes,,Yes,,,,,,,,,,,,,,,,,,,,,,,,,,,,,,,,,,,,,,
Yes,No,No,No,No,No,No,No,No,No,No,Medium Voltage,ST24,AW12,11,,,,1: PLC Application ETO Warning 12,,Alarm (Always),ALRC.b07,No,,Yes,,Yes,,,,,,,,,,,,,,,,,,,,,,,,,,,,,,,,,,,,,,
Yes,No,No,No,No,No,No,No,No,No,No,Medium Voltage,ST24,AW13,12,,,,1: PLC Application ETO Warning 13,,Alarm (Always),ALRC.b08,No,,Yes,,Yes,,,,,,,,,,,,,,,,,,,,,,,,,,,,,,,,,,,,,,
Yes,No,No,No,No,No,No,No,No,No,No,Medium Voltage,ST24,AW14,13,,,,1: PLC Application ETO Warning 14,,Alarm (Always),ALRC.b09,No,,Yes,,Yes,,,,,,,,,,,,,,,,,,,,,,,,,,,,,,,,,,,,,,
Yes,No,No,No,No,No,No,No,No,No,No,Medium Voltage,ST24,AW15,14,,,,1: PLC Application ETO Warning 15,,Alarm (Always),ALRC.b10,No,,Yes,,Yes,,,,,,,,,,,,,,,,,,,,,,,,,,,,,,,,,,,,,,
Yes,No,No,No,No,No,No,No,No,No,No,Medium Voltage,ST24,AW16,15,,,,1: PLC Application ETO Warning 16,,Alarm (Always),ALRC.b11,No,,Yes,,Yes,,,,,,,,,,,,,,,,,,,,,,,,,,,,,,,,,,,,,,
,,,,,,,,,,,,,,,,,,,,,,,,,,,,,,,,,,,,,,,,,,,,,,,,,,,,,,,,,,,,,,,,
No,Yes,Yes,Yes,No,No,No,No,No,No,No,Starter,ST25,PRHA,0,,,,1: Preheating active,,Status,,No,No,No,No,No,No,No,,HEA,,,,,,,,,,,,,,,,,,,,,,,,,,,,,,,,,,
No,Yes,Yes,No,No,No,No,No,No,No,No,Starter,ST25,AS2,1,,,,1:2nd set of motor parameters activation ,,Status,,Yes,,No,,No,No,Yes,,,,,,,,,,,,,,,,,,,,,,,,,,,,,,,,,,,,
No,Yes,Yes,No,No,No,No,No,No,No,No,Starter,ST25,STB,2,,,,1:Motor Cascade in Standby ,,Status,,No,,No,,No,,No,,STB,,,,,,,,,,,,,,,,,,,,,,,,,,,,,,,,,,
No,Yes,Yes,Yes,No,No,No,No,No,No,No,Starter,ST25,SST,3,,,,1: Small Motor Test Active,,Status,,No,,No,,No,,Yes,,SST,,,,,,,,,,,,,,,,,,,,,,,,,,,,,,,,,,
No,Yes,Yes,Yes,No,No,No,No,No,No,No,Starter,ST25,SIM,4,,,,1:Simulaton mode is active,,Status,,No,,No,,No,,Yes,,Demo/SIMU,,,,,,,,,,,,,,,,,,,,,,,,,,,,,,,,,,
No,No,Yes,No,No,No,No,No,No,No,No,Starter,ST25,CLI2,5,1:Current limitation 2  is reached,Status, ,1:Current limitation 2  is reached,No,Status,,No, ,No,,No,,No,,CLI2,,,,,,,,,,,,,,,,,,,,,,,,,,,,,,,,,,
No,No,Yes,Yes,No,No,No,No,No,No,No,Starter,ST25,PHF,6,,,,1: Input Mains Phase Loss,,Alarm (Always),ALR9.b14,Yes,,Yes,,Yes,,No,,,,,,,,,,,,,,,,,,,,,,,,,,,,,,,,,,,,
No,No,Yes,Yes,No,No,No,No,No,No,No,Starter,ST25,OPF,7,,,,1: Output Motor Phase Loss,,Alarm (Always),ALR9.b15,Yes,,Yes,,Yes,,No,,,,,,,,,,,,,,,,,,,,,,,,,,,,,,,,,,,,
No,No,Yes,No,No,No,No,No,No,No,No,Starter,ST25,JOG,8,,,,1: JOG is active,,Status,,Yes,,No,,No,,Yes,,JOG,,,,,,,,,,,,,,,,,,,,,,,,,,,,,,,,,,
No,No,Yes,Yes,No,No,No,No,No,No,No,Starter,ST25,BPCA,9,,,,1: Number of operations of relay exceeds the threshold,,Alarm f(customer context),ALRA.b2,Yes,,No,,Yes,,No,,,,,,,,,,,,,,,,,,,,,,,,,,,,,,,,,,,,
No,No,Yes,Yes,No,No,No,No,No,No,No,Starter,ST25,BST,10,,,,1: Boost activated,,Status,,No,,No,,No,,Yes,,,,,,,,,,,,,,,,,,,,,,,,,,,,,,,,,,,,
No,No,Yes,Yes,No,No,No,No,No,No,No,Starter,ST25,OSA,11,,,,1: Mains Overvoltage ,,Alarm f(customer context),ALRA.b3,Yes,,No,,Yes,,No,,,,,,,,,,,,,,,,,,,,,,,,,,,,,,,,,,,,
No,No,Yes,Yes,No,No,No,No,No,No,No,Starter,ST25,ULBA,12,,,,1: Mains Unbalanced,,Alarm f(customer context),ALRA.b4,Yes,,No,,Yes,,No,,,,,,,,,,,,,,,,,,,,,,,,,,,,,,,,,,,,
No,No,Yes,Yes,No,No,No,No,No,No,No,Starter,ST25,SAGA,13,,,,1: Mains SAG,,Alarm f(customer context),ALRA.b5,No,,No,,Yes,,No,,,,,,,,,,,,,,,,,,,,,,,,,,,,,,,,,,,,
No,No,Yes,No,No,No,No,No,No,No,No,Starter,ST25,MTVA,14,,,,1: Voltage Inconsistency,,Alarm f(customer context),ALRA.b6,No,,No,,Yes,,No,,,,,,,,,,,,,,,,,,,,,,,,,,,,,,,,,,,,
No,No,Yes,No,No,No,No,No,No,No,No,Starter,ST25,MNIA,15,,,,1: Nameplate Inconsistency,,Alarm (Always),ALRA.b7,No,No,No,No,Yes,No,No,,,,,,,,,,,,,,,,,,,,,,,,,,,,,,,,,,,,
,,,,,,,,,,,,,,,,,,,,,,,,,,,,,,,,,,,,,,,,,,,,,,,,,,,,,,,,,,,,,,,,
No,No,No,No,No,No,No,No,No,No,No,Starter,ST26,EDA,0,,,,1: Energy drift,,Alarm f(customer context),ALRA.b7,No,,No,,Yes,,No,,,,,,,,,,,,,,,,,,,,,,,,,,,,,,,,,,,,
No,No,Yes,Yes,No,No,No,No,No,No,No,Starter,ST26,ILBA,1,,,,1: Current Unbalance,,Alarm f(customer context),ALRA.b9,Yes,,No,,Yes,,No,,,,,,,,,,,,,,,,,,,,,,,,,,,,,,,,,,,,
No,Yes,Yes,Yes,No,No,No,No,No,No,No,Cyber,ST26,FDSA,2,,,,1:FDR Setting Alarm,,Alarm f(customer context),ALRA.b10,No,,No,,Yes,,No,,,,,,,,,,,,,,,,,,,,,,,,,,,,,,,,,,,,
No,Yes,Yes,Yes,No,No,No,No,No,No,No,Cyber,ST26,IPSA,3,,,,1:IP Setting Alarm,,Alarm f(customer context),ALRA.b11,No,,No,,Yes,,No,,,,,,,,,,,,,,,,,,,,,,,,,,,,,,,,,,,,
No,Yes,Yes,Yes,No,No,No,No,No,No,No,Cyber,ST26,RSSA,4,,,,1:RSTP Setting Alarm,,Alarm f(customer context),ALRA.b12,No,,No,,Yes,,No,,,,,,,,,,,,,,,,,,,,,,,,,,,,,,,,,,,,
No,No,Yes,No,No,No,No,No,No,No,No,Starter,ST26,FRQA,5,,,,1: Frequency Alarm,,Alarm f(customer context),ALRA.b13,No,,No,,Yes,,No,,,,,,,,,,,,,,,,,,,,,,,,,,,,,,,,,,,,
No,No,Yes,Yes,No,No,No,No,No,No,No,Cyber,ST26,CBRA,6,,,,1 : Config backup recover Alarm,,Alarm f(customer context),ALRA.b14,No,,No,,Yes,,No,,,,,,,,,,,,,,,,,,,,,,,,,,,,,,,,,,,,
No,No,Yes,Yes,No,No,No,No,No,No,No,Cyber,ST26,SLGA,7,,,,1:System Log General Alarm,,Alarm f(customer context),ALRA.b15,No,,No,,Yes,,No,,,,,,,,,,,,,,,,,,,,,,,,,,,,,,,,,,,,
No,No,Yes,Yes,No,No,No,No,No,No,No,Cyber,ST26,PSSA,8,,,,1: Restart needed for static service authorization apply,,Alarm f(customer context),ALRB.b0,No,,No,,Yes,,No,,,,,,,,,,,,,,,,,,,,,,,,,,,,,,,,,,,,
No,No,Yes,Yes,No,No,No,No,No,No,No,Cyber,ST26,SMSA,9,,,,1:Service mode authorized,,Alarm f(customer context),ALRB.b1,No,,No,,Yes,,No,,,,,,,,,,,,,,,,,,,,,,,,,,,,,,,,,,,,
,,,,,,,,,,,,ST26,,10 to 15,,,,,,,,,,,,,,,,,KO,,,,,,,,,,,,,,,,,,,,,,,,,,,,,,,,,
,,,,,,,,,,,,,,,,,,,,,,,,,,,,,,,,,,,,,,,,,,,,,,,,,,,,,,,,,,,,,,,,
No,No,No,No,No,No,No,No,No,No,No,Device Status,ST27,LICR,0,,,,1: License install may be required,,Status,,No,,No,,No,,Yes,,,,,,,,,,,,,,,,,,,,,,,,,,,,,,,,,,,,
,,,,,,,,,,,Device Status,ST27,,1 to 15,,,,,,,,,,,,,,,,,KO,,,,,,,,,,,,,,,,,,,,,,,,,,,,,,,,,
,,,,,,,,,,,,,,,,,,,,,,,,,,,,,,,,,,,,,,,,,,,,,,,,,,,,,,,,,,,,,,,,
No,No,No,No,No,No,No,No,No,No,No,Device Alarms,ST28,LICA,0,,,,1: Invalid License Alarm,,Alarm (Always),,Yes,,Yes,,Yes,,No,,,,,,,,,,,,,,,,,,,,,,,,,,,,,,,,,,,,
,,,,,,,,,,,Device Alarms,ST28,,1 to 15,,,,,,,,,,,,,,,,,KO,,,,,,,,,,,,,,,,,,,,,,,,,,,,,,,,,
,,,,,,,,,,,,,,,,,,,,,,,,,,,,,,,,,,,,,,,,,,,,,,,,,,,,,,,,,,,,,,,,
